#Release 14.7 - par P.20131013 (nt64)
#Copyright (c) 1995-2013 Xilinx, Inc.  All rights reserved.

#Tue Apr 29 18:13:15 2014

#
## NOTE: This file is designed to be imported into a spreadsheet program
# such as Microsoft Excel for viewing, printing and sorting. The |
# character is used as the data field separator. This file is also designed
# to support parsing.
#
#INPUT FILE:       top_module_map.ncd
#OUTPUT FILE:      top_module_pad.csv
#PART TYPE:        xc5vlx110t
#SPEED GRADE:      -1
#PACKAGE:          ff1136
#
# Pinout by Pin Number:
# 
# -----,-----,-----,-----,-----,-----,-----,-----,-----,-----,-----,-----,-----,-----,-----,
Pin Number,Signal Name,Pin Usage,Pin Name,Direction,IO Standard,IO Bank Number,Drive (mA),Slew Rate,Termination,IOB Delay,Voltage,Constraint,IO Register,Signal Integrity,
A2,,IPAD,MGTRXN0_120,UNUSED,,,,,,,,,,,
A3,,IPAD,MGTRXP0_120,UNUSED,,,,,,,,,,,
A6,,IPAD,MGTRXP1_124,UNUSED,,,,,,,,,,,
A7,,IPAD,MGTRXN1_124,UNUSED,,,,,,,,,,,
A8,,IPAD,MGTRXN0_124,UNUSED,,,,,,,,,,,
A9,,IPAD,MGTRXP0_124,UNUSED,,,,,,,,,,,
A11,,,GND,,,,,,,,,,,,
A12,,,GND,,,,,,,,,,,,
A13,,IOBM,IO_L8P_CC_20,UNUSED,,20,,,,,,,,,
A14,,IOBS,IO_L1N_5,UNUSED,,5,,,,,,,,,
A15,,IOBM,IO_L1P_5,UNUSED,,5,,,,,,,,,
A16,,IOBS,IO_L2N_5,UNUSED,,5,,,,,,,,,
A17,,,GND,,,,,,,,,,,,
A18,,IOBS,IO_L4N_VREF_23,UNUSED,,23,,,,,,,,,
A19,,IOBM,IO_L6P_23,UNUSED,,23,,,,,,,,,
A20,,IOBS,IO_L6N_23,UNUSED,,23,,,,,,,,,
A21,,IOBS,IO_L1N_23,UNUSED,,23,,,,,,,,,
A22,,,GND,,,,,,,,,,,,
A23,,IOBM,IO_L7P_23,UNUSED,,23,,,,,,,,,
A24,,IOBS,IO_L7N_23,UNUSED,,23,,,,,,,,,
A25,,IOBS,IO_L9N_CC_23,UNUSED,,23,,,,,,,,,
A26,,IOBS,IO_L10N_CC_23,UNUSED,,23,,,,,,,,,
A27,,,GND,,,,,,,,,,,,
A28,,IOBS,IO_L14N_VREF_23,UNUSED,,23,,,,,,,,,
A29,,IOBM,IO_L14P_23,UNUSED,,23,,,,,,,,,
A30,,IOBM,IO_L19P_23,UNUSED,,23,,,,,,,,,
A31,,IOBS,IO_L16N_23,UNUSED,,23,,,,,,,,,
A32,,,GND,,,,,,,,,,,,
A33,,IOBS,IO_L0N_11,UNUSED,,11,,,,,,,,,
AA1,,IPAD,MGTRXN1_114,UNUSED,,,,,,,,,,,
AA2,,,GND,,,,,,,,,,,,
AA3,,,MGTAVCC_114,,,,,,,,,,,,
AA4,,,MGTAVCC_114,,,,,,,,,,,,
AA5,,IOBM,IO_L2P_18,UNUSED,,18,,,,,,,,,
AA6,,IOBM,IO_L6P_18,UNUSED,,18,,,,,,,,,
AA7,,,GND,,,,,,,,,,,,
AA8,D<5>,IOB,IO_L3P_22,OUTPUT,LVDCI_33,22,,,,,,LOCATED,NO,DRIVER,
AA9,D<4>,IOB,IO_L3N_22,OUTPUT,LVDCI_33,22,,,,,,LOCATED,NO,DRIVER,
AA10,D<8>,IOB,IO_L1N_22,OUTPUT,LVDCI_33,22,,,,,,LOCATED,NO,DRIVER,
AA11,,,GND,,,,,,,,,,,,
AA12,,,VCCINT,,,,,,,,1.0,,,,
AA13,,,GND,,,,,,,,,,,,
AA14,,,VCCINT,,,,,,,,1.0,,,,
AA15,,,GND,,,,,,,,,,,,
AA16,,,VCCINT,,,,,,,,1.0,,,,
AA17,,,GND,,,,,,,,,,,,
AA18,,,VCCINT,,,,,,,,1.0,,,,
AA19,,,GND,,,,,,,,,,,,
AA20,,,VCCINT,,,,,,,,1.0,,,,
AA21,,,GND,,,,,,,,,,,,
AA22,,,VCCO_0,,,0,,,,,any******,,,,
AA23,,,GND,,,,,,,,,,,,
AA24,ddr2_dq<21>,IOB,IO_L2N_21,BIDIR,SSTL18_II_DCI,21,,,,NONE,,LOCATED,YES,SPLIT,
AA25,ddr2_dq<23>,IOB,IO_L0P_21,BIDIR,SSTL18_II_DCI,21,,,,NONE,,LOCATED,YES,SPLIT,
AA26,ddr2_dq<19>,IOB,IO_L0N_21,BIDIR,SSTL18_II_DCI,21,,,,NONE,,LOCATED,YES,SPLIT,
AA27,,,GND,,,,,,,,,,,,
AA28,ddr2_dq<11>,IOB,IO_L5N_21,BIDIR,SSTL18_II_DCI,21,,,,NONE,,LOCATED,YES,SPLIT,
AA29,ddr2_dqs<0>,IOB,IO_L11P_CC_17,BIDIR,DIFF_SSTL18_II_DCI,17,,,,NONE,,LOCATED,YES,SPLIT,
AA30,ddr2_dqs_n<0>,IOB,IO_L11N_CC_17,BIDIR,DIFF_SSTL18_II_DCI,17,,,,NONE,,LOCATED,YES,SPLIT,
AA31,ddr2_dqs_n<3>,IOB,IO_L9N_CC_17,BIDIR,DIFF_SSTL18_II_DCI,17,,,,NONE,,LOCATED,YES,SPLIT,
AA32,,,VCCO_13,,,13,,,,,any******,,,,
AA33,,IOBS,IO_L2N_SM6N_13,UNUSED,,13,,,,,,,,,
AA34,,IOBM,IO_L3P_SM5P_13,UNUSED,,13,,,,,,,,,
AB1,,IPAD,MGTRXP1_114,UNUSED,,,,,,,,,,,
AB2,,OPAD,MGTTXN1_114,UNUSED,,,,,,,,,,,
AB3,,,MGTAVCCPLL_114,,,,,,,,,,,,
AB4,,,GND,,,,,,,,,,,,
AB5,,IOBS,IO_L2N_18,UNUSED,,18,,,,,,,,,
AB6,,IOBM,IO_L1P_18,UNUSED,,18,,,,,,,,,
AB7,,IOBS,IO_L1N_18,UNUSED,,18,,,,,,,,,
AB8,D<0>,IOB,IO_L5N_22,OUTPUT,LVDCI_33,22,,,,,,LOCATED,NO,DRIVER,
AB9,,,VCCO_18,,,18,,,,,3.30,,,,
AB10,D<9>,IOB,IO_L1P_22,OUTPUT,LVDCI_33,22,,,,,,LOCATED,NO,DRIVER,
AB11,,,VCCAUX,,,,,,,,2.5,,,,
AB12,,,GND,,,,,,,,,,,,
AB13,,,VCCINT,,,,,,,,1.0,,,,
AB14,,,GND,,,,,,,,,,,,
AB15,,,TCK_0,,,,,,,,,,,,
AB16,,,GND,,,,,,,,,,,,
AB17,,,VCCINT,,,,,,,,1.0,,,,
AB18,,,GND,,,,,,,,,,,,
AB19,,,VCCINT,,,,,,,,1.0,,,,
AB20,,,GND,,,,,,,,,,,,
AB21,,,VCCINT,,,,,,,,1.0,,,,
AB22,,,GND,,,,,,,,,,,,
AB23,,,RSVD_0,,,,,,,,,,,,
AB24,,,GND,,,,,,,,,,,,
AB25,ddr2_dq<17>,IOB,IO_L3P_21,BIDIR,SSTL18_II_DCI,21,,,,NONE,,LOCATED,YES,SPLIT,
AB26,ddr2_dq<20>,IOB,IO_L3N_21,BIDIR,SSTL18_II_DCI,21,,,,NONE,,LOCATED,YES,SPLIT,
AB27,ddr2_dq<22>,IOB,IO_L1P_21,BIDIR,SSTL18_II_DCI,21,,,,NONE,,LOCATED,YES,SPLIT,
AB28,ddr2_dq<15>,IOB,IO_L5P_21,BIDIR,SSTL18_II_DCI,21,,,,NONE,,LOCATED,YES,SPLIT,
AB29,,,VCCO_13,,,13,,,,,any******,,,,
AB30,ddr2_dq<25>,IOB,IO_L10P_CC_17,BIDIR,SSTL18_II_DCI,17,,,,NONE,,LOCATED,YES,SPLIT,
AB31,ddr2_dqs<3>,IOB,IO_L9P_CC_17,BIDIR,DIFF_SSTL18_II_DCI,17,,,,NONE,,LOCATED,YES,SPLIT,
AB32,,IOBS,IO_L6N_SM3N_13,UNUSED,,13,,,,,,,,,
AB33,,IOBS,IO_L7N_SM2N_13,UNUSED,,13,,,,,,,,,
AB34,,,GND,,,,,,,,,,,,
AC2,,OPAD,MGTTXP1_114,UNUSED,,,,,,,,,,,
AC3,,,MGTAVTTTX_114,,,,,,,,,,,,
AC4,,IOBM,IO_L0P_18,UNUSED,,18,,,,,,,,,
AC5,,IOBS,IO_L0N_18,UNUSED,,18,,,,,,,,,
AC6,,,VCCO_18,,,18,,,,,3.30,,,,
AC7,,IOBM,IO_L3P_18,UNUSED,,18,,,,,,,,,
AC8,D<1>,IOB,IO_L5P_22,OUTPUT,LVDCI_33,22,,,,,,LOCATED,NO,DRIVER,
AC9,,IOBS,IO_L7N_22,UNUSED,,22,,,,,,,,,
AC10,,IOBM,IO_L7P_22,UNUSED,,22,,,,,,,,,
AC11,,,GND,,,,,,,,,,,,
AC12,,,VCCAUX,,,,,,,,2.5,,,,
AC13,,,GND,,,,,,,,,,,,
AC14,,,TMS_0,,,,,,,,,,,,
AC15,,,TDI_0,,,,,,,,,,,,
AC16,,,VCCINT,,,,,,,,1.0,,,,
AC17,,,GND,,,,,,,,,,,,
AC18,,,VCCINT,,,,,,,,1.0,,,,
AC19,,,GND,,,,,,,,,,,,
AC20,,,VCCINT,,,,,,,,1.0,,,,
AC21,,,GND,,,,,,,,,,,,
AC22,,,M1_0,,,,,,,,,,,,
AC23,,,RSVD_0,,,,,,,,,,,,
AC24,rst,IOB,IO_L17N_21,INPUT,LVCMOS18,21,,,,NONE,,LOCATED,NO,NONE,
AC25,,IOBM,IO_L17P_21,UNUSED,,21,,,,,,,,,
AC26,,,GND,,,,,,,,,,,,
AC27,ddr2_dq<18>,IOB,IO_L1N_21,BIDIR,SSTL18_II_DCI,21,,,,NONE,,LOCATED,YES,SPLIT,
AC28,ddr2_dq<16>,IOB,IO_L4P_21,BIDIR,SSTL18_II_DCI,21,,,,NONE,,LOCATED,YES,SPLIT,
AC29,ddr2_dq<24>,IOB,IO_L13N_17,BIDIR,SSTL18_II_DCI,17,,,,NONE,,LOCATED,YES,SPLIT,
AC30,ddr2_dq<28>,IOB,IO_L10N_CC_17,BIDIR,SSTL18_II_DCI,17,,,,NONE,,LOCATED,YES,SPLIT,
AC31,,,GND,,,,,,,,,,,,
AC32,,IOBM,IO_L6P_SM3P_13,UNUSED,,13,,,,,,,,,
AC33,,IOBM,IO_L7P_SM2P_13,UNUSED,,13,,,,,,,,,
AC34,,IOBM,IO_L5P_SM4P_13,UNUSED,,13,,,,,,,,,
AD2,,OPAD,MGTTXP0_118,UNUSED,,,,,,,,,,,
AD3,,,MGTAVTTTX_118,,,,,,,,,,,,
AD4,,IOBM,IO_L5P_18,UNUSED,,18,,,,,,,,,
AD5,,IOBS,IO_L5N_18,UNUSED,,18,,,,,,,,,
AD6,,IOBM,IO_L7P_18,UNUSED,,18,,,,,,,,,
AD7,,IOBS,IO_L3N_18,UNUSED,,18,,,,,,,,,
AD8,,,GND,,,,,,,,,,,,
AD9,,IOBS,IO_L9N_CC_22,UNUSED,,22,,,,,,,,,
AD10,,IOBM,IO_L10P_CC_22,UNUSED,,22,,,,,,,,,
AD11,,IOBS,IO_L10N_CC_22,UNUSED,,22,,,,,,,,,
AD12,,,GND,,,,,,,,,,,,
AD13,,,VCCINT,,,,,,,,1.0,,,,
AD14,,,TDO_0,,,,,,,,,,,,
AD15,,,D_OUT_BUSY_0,,,,,,,,,,,,
AD16,,,GND,,,,,,,,,,,,
AD17,,,VCCINT,,,,,,,,1.0,,,,
AD18,,,GND,,,,,,,,,,,,
AD19,,IOBS,IO_L9N_D0_FS0_2,UNUSED,,2,,,,,,,,,
AD20,,IOBS,IO_L7N_D4_2,UNUSED,,2,,,,,,,,,
AD21,,,M0_0,,,,,,,,,,,,
AD22,,,M2_0,,,,,,,,,,,,
AD23,,,VCCO_0,,,0,,,,,any******,,,,
AD24,,IOBM,IO_L19P_21,UNUSED,,21,,,,,,,,,
AD25,,IOBS,IO_L18N_21,UNUSED,,21,,,,,,,,,
AD26,,IOBM,IO_L18P_21,UNUSED,,21,,,,,,,,,
AD27,,IOBS,IO_L4N_VREF_21, ,,21,,,,,0.90,,,,
AD28,,,GND,,,,,,,,,,,,
AD29,ddr2_dq<6>,IOB,IO_L15N_17,BIDIR,SSTL18_II_DCI,17,,,,NONE,,LOCATED,YES,SPLIT,
AD30,ddr2_dq<3>,IOB,IO_L13P_17,BIDIR,SSTL18_II_DCI,17,,,,NONE,,LOCATED,YES,SPLIT,
AD31,,IOBM,IO_L12P_VRN_17,Termination Required,,17,,,TERMINATION,,,,,,
AD32,,IOBM,IO_L11P_CC_13,UNUSED,,13,,,,,,,,,
AD33,,,VCCO_17,,,17,,,,,1.80,,,,
AD34,,IOBS,IO_L5N_SM4N_13,UNUSED,,13,,,,,,,,,
AE1,,IPAD,MGTRXP0_118,UNUSED,,,,,,,,,,,
AE2,,OPAD,MGTTXN0_118,UNUSED,,,,,,,,,,,
AE3,,,MGTAVTTRX_118,,,,,,,,,,,,
AE4,,,GND,,,,,,,,,,,,
AE5,,,GND,,,,,,,,,,,,
AE6,,IOBS,IO_L7N_18,UNUSED,,18,,,,,,,,,
AE7,,IOBM,IO_L9P_CC_18,UNUSED,,18,,,,,,,,,
AE8,blank,IOB,IO_L9P_CC_22,OUTPUT,LVDCI_33,22,,,,,,LOCATED,NO,DRIVER,
AE9,,IOBS,IO_L12N_VRP_22,Termination Required,,22,,,TERMINATION,,,,,,
AE10,,,GND,,,,,,,,,,,,
AE11,,IOBS,IO_L16N_22,UNUSED,,22,,,,,,,,,
AE12,,IOBS,IO_L0N_CC_RS0_2,UNUSED,,2,,,,,,,,,
AE13,,IOBM,IO_L0P_CC_RS1_2,UNUSED,,2,,,,,,,,,
AE14,,IOBM,IO_L4P_FCS_B_2,UNUSED,,2,,,,,,,,,
AE15,,,GND,,,,,,,,,,,,
AE16,,IOBS,IO_L6N_D6_2,UNUSED,,2,,,,,,,,,
AE17,,IOBS,IO_L8N_D2_FS2_2,UNUSED,,2,,,,,,,,,
AE18,,IOBS,IO_L8N_CC_GC_4,UNUSED,,4,,,,,,,,,
AE19,,IOBM,IO_L9P_D1_FS1_2,UNUSED,,2,,,,,,,,,
AE20,,,GND,,,,,,,,,,,,
AE21,,IOBM,IO_L7P_D5_2,UNUSED,,2,,,,,,,,,
AE22,,IOBM,IO_L3P_A21_2,UNUSED,,2,,,,,,,,,
AE23,,IOBS,IO_L3N_A20_2,UNUSED,,2,,,,,,,,,
AE24,,IOBS,IO_L19N_21,UNUSED,,21,,,,,,,,,
AE25,,,GND,,,,,,,,,,,,
AE26,,IOBS,IO_L16N_21,UNUSED,,21,,,,,,,,,
AE27,,IOBM,IO_L16P_21,UNUSED,,21,,,,,,,,,
AE28,ddr2_dm<1>,IOB,IO_L7P_21,OUTPUT,SSTL18_II,21,,,,,,LOCATED,YES,NONE,
AE29,ddr2_dq<7>,IOB,IO_L15P_17,BIDIR,SSTL18_II_DCI,17,,,,NONE,,LOCATED,YES,SPLIT,
AE30,,,VCCO_17,,,17,,,,,1.80,,,,
AE31,,IOBS,IO_L12N_VRP_17,Termination Required,,17,,,TERMINATION,,,,,,
AE32,,IOBS,IO_L11N_CC_13,UNUSED,,13,,,,,,,,,
AE33,,IOBS,IO_L8N_CC_SM1N_13,UNUSED,,13,,,,,,,,,
AE34,,IOBS,IO_L9N_CC_SM0N_13,UNUSED,,13,,,,,,,,,
AF1,,IPAD,MGTRXN0_118,UNUSED,,,,,,,,,,,
AF2,,,GND,,,,,,,,,,,,
AF3,,IPAD,MGTREFCLKN_118,UNUSED,,,,,,,,,,,
AF4,,IPAD,MGTREFCLKP_118,UNUSED,,,,,,,,,,,
AF5,,IOBS,IO_L10N_CC_18,UNUSED,,18,,,,,,,,,
AF6,,IOBS,IO_L9N_CC_18,UNUSED,,18,,,,,,,,,
AF7,,,VCCO_22,,,22,,,,,3.30,,,,
AF8,,IOBM,IO_L12P_VRN_22,Termination Required,,22,,,TERMINATION,,,,,,
AF9,,IOBM,IO_L14P_22,UNUSED,,22,,,,,,,,,
AF10,,IOBS,IO_L14N_VREF_22,UNUSED,,22,,,,,,,,,
AF11,,IOBM,IO_L16P_22,UNUSED,,22,,,,,,,,,
AF12,,,GND,,,,,,,,,,,,
AF13,,IOBM,IO_L2P_A23_2,UNUSED,,2,,,,,,,,,
AF14,,IOBS,IO_L4N_VREF_FOE_B_MOSI_2,UNUSED,,2,,,,,,,,,
AF15,,IOBM,IO_L6P_D7_2,UNUSED,,2,,,,,,,,,
AF16,,IOBM,IO_L8P_D3_2,UNUSED,,2,,,,,,,,,
AF17,,,GND,,,,,,,,,,,,
AF18,,IOBM,IO_L8P_CC_GC_4,UNUSED,,4,,,,,,,,,
AF19,,IOBS,IO_L6N_GC_4,UNUSED,,4,,,,,,,,,
AF20,,IOBM,IO_L5P_FWE_B_2,UNUSED,,2,,,,,,,,,
AF21,,IOBS,IO_L5N_CSO_B_2,UNUSED,,2,,,,,,,,,
AF22,,,GND,,,,,,,,,,,,
AF23,,IOBM,IO_L1P_CC_A25_2,UNUSED,,2,,,,,,,,,
AF24,,IOBM,IO_L13P_21,UNUSED,,21,,,,,,,,,
AF25,,IOBM,IO_L15P_21,UNUSED,,21,,,,,,,,,
AF26,,IOBS,IO_L15N_21,UNUSED,,21,,,,,,,,,
AF27,,,GND,,,,,,,,,,,,
AF28,ddr2_dq<9>,IOB,IO_L7N_21,BIDIR,SSTL18_II_DCI,21,,,,NONE,,LOCATED,YES,SPLIT,
AF29,ddr2_dq<5>,IOB,IO_L17P_17,BIDIR,SSTL18_II_DCI,17,,,,NONE,,LOCATED,YES,SPLIT,
AF30,ddr2_dq<0>,IOB,IO_L17N_17,BIDIR,SSTL18_II_DCI,17,,,,NONE,,LOCATED,YES,SPLIT,
AF31,ddr2_dq<2>,IOB,IO_L14P_17,BIDIR,SSTL18_II_DCI,17,,,,NONE,,LOCATED,YES,SPLIT,
AF32,,,GND,,,,,,,,,,,,
AF33,,IOBM,IO_L8P_CC_SM1P_13,UNUSED,,13,,,,,,,,,
AF34,,IOBM,IO_L9P_CC_SM0P_13,UNUSED,,13,,,,,,,,,
AG1,,IPAD,MGTRXN1_118,UNUSED,,,,,,,,,,,
AG2,,,GND,,,,,,,,,,,,
AG3,,,MGTAVCC_118,,,,,,,,,,,,
AG4,,,MGTAVCC_118,,,,,,,,,,,,
AG5,,IOBM,IO_L10P_CC_18,UNUSED,,18,,,,,,,,,
AG6,,IOBS,IO_L12N_VRP_18,UNUSED,,18,,,,,,,,,
AG7,,IOBS,IO_L14N_VREF_18,UNUSED,,18,,,,,,,,,
AG8,,IOBM,IO_L18P_22,UNUSED,,22,,,,,,,,,
AG9,,,GND,,,,,,,,,,,,
AG10,,IOBM,IO_L19P_22,UNUSED,,22,,,,,,,,,
AG11,,IOBS,IO_L19N_22,UNUSED,,22,,,,,,,,,
AG12,,IOBS,IO_L2N_A22_2,UNUSED,,2,,,,,,,,,
AG13,,IOBS,IO_L1N_GC_D12_4,UNUSED,,4,,,,,,,,,
AG14,,,VCCO_4,,,4,,,,,2.50,,,,
AG15,rxd,IOB,IO_L5N_GC_4,INPUT,LVCMOS25*,4,,,,NONE,,LOCATED,NO,NONE,
AG16,,IOBS,IO_L7N_GC_VRP_4,UNUSED,,4,,,,,,,,,
AG17,,IOBS,IO_L9N_CC_GC_4,UNUSED,,4,,,,,,,,,
AG18,,IOBM,IO_L6P_GC_4,UNUSED,,4,,,,,,,,,
AG19,,,GND,,,,,,,,,,,,
AG20,txd,IOB,IO_L4N_GC_VREF_4,OUTPUT,LVCMOS25*,4,12,SLOW,,,,LOCATED,NO,NONE,
AG21,,IOBM,IO_L4P_GC_4,UNUSED,,4,,,,,,,,,
AG22,,IOBM,IO_L0P_GC_D15_4,UNUSED,,4,,,,,,,,,
AG23,,IOBS,IO_L1N_CC_A24_2,UNUSED,,2,,,,,,,,,
AG24,,,GND,,,,,,,,,,,,
AG25,ddr2_dq<12>,IOB,IO_L13N_21,BIDIR,SSTL18_II_DCI,21,,,,NONE,,LOCATED,YES,SPLIT,
AG26,,IOBS,IO_L14N_VREF_21, ,,21,,,,,0.90,,,,
AG27,,IOBM,IO_L14P_21,UNUSED,,21,,,,,,,,,
AG28,ddr2_dq<14>,IOB,IO_L6P_21,BIDIR,SSTL18_II_DCI,21,,,,NONE,,LOCATED,YES,SPLIT,
AG29,,,GND,,,,,,,,,,,,
AG30,,IOBS,IO_L19N_17,UNUSED,,17,,,,,,,,,
AG31,,IOBS,IO_L14N_VREF_17, ,,17,,,,,0.90,,,,
AG32,,IOBM,IO_L14P_13,UNUSED,,13,,,,,,,,,
AG33,,IOBM,IO_L12P_VRN_13,UNUSED,,13,,,,,,,,,
AG34,,,GND,,,,,,,,,,,,
AH1,,IPAD,MGTRXP1_118,UNUSED,,,,,,,,,,,
AH2,,OPAD,MGTTXN1_118,UNUSED,,,,,,,,,,,
AH3,,,MGTAVCCPLL_118,,,,,,,,,,,,
AH4,,,GND,,,,,,,,,,,,
AH5,,IOBM,IO_L12P_VRN_18,UNUSED,,18,,,,,,,,,
AH6,,,GND,,,,,,,,,,,,
AH7,,IOBM,IO_L14P_18,UNUSED,,18,,,,,,,,,
AH8,,IOBS,IO_L18N_22,UNUSED,,22,,,,,,,,,
AH9,,IOBM,IO_L17P_22,UNUSED,,22,,,,,,,,,
AH10,,IOBS,IO_L17N_22,UNUSED,,22,,,,,,,,,
AH11,,,VCCO_22,,,22,,,,,3.30,,,,
AH12,,IOBM,IO_L1P_GC_D13_4,UNUSED,,4,,,,,,,,,
AH13,,IOBS,IO_L3N_GC_D8_4,UNUSED,,4,,,,,,,,,
AH14,,IOBM,IO_L3P_GC_D9_4,UNUSED,,4,,,,,,,,,
AH15,clk,IOB,IO_L5P_GC_4,INPUT,LVCMOS25*,4,,,,NONE,,LOCATED,NO,NONE,
AH16,,,GND,,,,,,,,,,,,
AH17,,IOBM,IO_L7P_GC_VRN_4,UNUSED,,4,,,,,,,,,
AH18,,IOBM,IO_L9P_CC_GC_4,UNUSED,,4,,,,,,,,,
AH19,,IOBS,IO_L2N_GC_D10_4,UNUSED,,4,,,,,,,,,
AH20,,IOBM,IO_L2P_GC_D11_4,UNUSED,,4,,,,,,,,,
AH21,,,VCCO_2,,,2,,,,,any******,,,,
AH22,,IOBS,IO_L0N_GC_D14_4,UNUSED,,4,,,,,,,,,
AH23,pixel_r<3>,IOB,IO_L2P_6,OUTPUT,LVCMOS25*,6,12,SLOW,,,,UNLOCATED,NO,NONE,
AH24,pixel_r<7>,IOB,IO_L0P_6,OUTPUT,LVCMOS25*,6,12,SLOW,,,,UNLOCATED,NO,NONE,
AH25,,IOBS,IO_L12N_VRP_21,Termination Required,,21,,,TERMINATION,,,,,,
AH26,,,GND,,,,,,,,,,,,
AH27,ddr2_dq<8>,IOB,IO_L11P_CC_21,BIDIR,SSTL18_II_DCI,21,,,,NONE,,LOCATED,YES,SPLIT,
AH28,ddr2_dq<10>,IOB,IO_L6N_21,BIDIR,SSTL18_II_DCI,21,,,,NONE,,LOCATED,YES,SPLIT,
AH29,,IOBM,IO_L19P_17,UNUSED,,17,,,,,,,,,
AH30,,IOBS,IO_L18N_17,UNUSED,,17,,,,,,,,,
AH31,,,VCCO_17,,,17,,,,,1.80,,,,
AH32,,IOBS,IO_L14N_VREF_13,UNUSED,,13,,,,,,,,,
AH33,,IOBS,IO_L12N_VRP_13,UNUSED,,13,,,,,,,,,
AH34,,IOBM,IO_L10P_CC_13,UNUSED,,13,,,,,,,,,
AJ2,,OPAD,MGTTXP1_118,UNUSED,,,,,,,,,,,
AJ3,,,MGTAVTTTX_118,,,,,,,,,,,,
AJ4,,,MGTAVCC_122,,,,,,,,,,,,
AJ5,,,GND,,,,,,,,,,,,
AJ6,,IOBS,IO_L16N_18,UNUSED,,18,,,,,,,,,
AJ7,,IOBM,IO_L16P_18,UNUSED,,18,,,,,,,,,
AJ8,,,VCCO_22,,,22,,,,,3.30,,,,
AJ9,,IOBM,IO_L15P_22,UNUSED,,22,,,,,,,,,
AJ10,,IOBS,IO_L15N_22,UNUSED,,22,,,,,,,,,
AJ11,,IOBS,IO_L11N_CC_22,UNUSED,,22,,,,,,,,,
AJ12,pixel_r<4>,IOB,IO_L1N_6,OUTPUT,LVCMOS25*,6,12,SLOW,,,,UNLOCATED,NO,NONE,
AJ13,,,GND,,,,,,,,,,,,
AJ14,pixel_g<5>,IOB,IO_L5P_6,OUTPUT,LVCMOS25*,6,12,SLOW,,,,UNLOCATED,NO,NONE,
AJ15,pixel_b<4>,IOB,IO_L9N_CC_6,OUTPUT,LVCMOS25*,6,12,SLOW,,,,UNLOCATED,NO,NONE,
AJ16,pixel_b<5>,IOB,IO_L9P_CC_6,OUTPUT,LVCMOS25*,6,12,SLOW,,,,UNLOCATED,NO,NONE,
AJ17,,IOBS,IO_L12N_VRP_6,UNUSED,,6,,,,,,,,,
AJ18,,,VCCO_6,,,6,,,,,2.50,,,,
AJ19,,IOBM,IO_L15P_6,UNUSED,,6,,,,,,,,,
AJ20,pixel_b<6>,IOB,IO_L8N_CC_6,OUTPUT,LVCMOS25*,6,12,SLOW,,,,UNLOCATED,NO,NONE,
AJ21,pixel_b<7>,IOB,IO_L8P_CC_6,OUTPUT,LVCMOS25*,6,12,SLOW,,,,UNLOCATED,NO,NONE,
AJ22,pixel_r<2>,IOB,IO_L2N_6,OUTPUT,LVCMOS25*,6,12,SLOW,,,,UNLOCATED,NO,NONE,
AJ23,,,GND,,,,,,,,,,,,
AJ24,pixel_r<6>,IOB,IO_L0N_6,OUTPUT,LVCMOS25*,6,12,SLOW,,,,UNLOCATED,NO,NONE,
AJ25,,IOBM,IO_L12P_VRN_21,Termination Required,,21,,,TERMINATION,,,,,,
AJ26,ddr2_dq<13>,IOB,IO_L11N_CC_21,BIDIR,SSTL18_II_DCI,21,,,,NONE,,LOCATED,YES,SPLIT,
AJ27,ddr2_dqs_n<2>,IOB,IO_L8N_CC_21,BIDIR,DIFF_SSTL18_II_DCI,21,,,,NONE,,LOCATED,YES,SPLIT,
AJ28,,,VCCO_21,,,21,,,,,1.80,,,,
AJ29,ddr2_ck_n<0>,IOB,IO_L9N_CC_21,OUTPUT,DIFF_SSTL18_II,21,,,,,,LOCATED,YES,NONE,
AJ30,ddr2_dq<4>,IOB,IO_L18P_17,BIDIR,SSTL18_II_DCI,17,,,,NONE,,LOCATED,YES,SPLIT,
AJ31,ddr2_dm<0>,IOB,IO_L16P_17,OUTPUT,SSTL18_II,17,,,,,,LOCATED,YES,NONE,
AJ32,,IOBM,IO_L15P_13,UNUSED,,13,,,,,,,,,
AJ33,,,GND,,,,,,,,,,,,
AJ34,,IOBS,IO_L10N_CC_13,UNUSED,,13,,,,,,,,,
AK2,,OPAD,MGTTXP0_122,UNUSED,,,,,,,,,,,
AK3,,,MGTAVTTTX_122,,,,,,,,,,,,
AK4,,,GND,,,,,,,,,,,,
AK5,,,MGTAVCC_122,,,,,,,,,,,,
AK6,dvi_rst,IOB,IO_L18N_18,OUTPUT,LVCMOS33,18,12,SLOW,,,,LOCATED,NO,NONE,
AK7,,IOBM,IO_L18P_18,UNUSED,,18,,,,,,,,,
AK8,,IOBM,IO_L13P_22,UNUSED,,22,,,,,,,,,
AK9,,IOBS,IO_L13N_22,UNUSED,,22,,,,,,,,,
AK10,,,GND,,,,,,,,,,,,
AK11,,IOBM,IO_L11P_CC_22,UNUSED,,22,,,,,,,,,
AK12,pixel_r<5>,IOB,IO_L1P_6,OUTPUT,LVCMOS25*,6,12,SLOW,,,,UNLOCATED,NO,NONE,
AK13,pixel_r<0>,IOB,IO_L3N_6,OUTPUT,LVCMOS25*,6,12,SLOW,,,,UNLOCATED,NO,NONE,
AK14,pixel_g<4>,IOB,IO_L5N_6,OUTPUT,LVCMOS25*,6,12,SLOW,,,,UNLOCATED,NO,NONE,
AK15,,,VCCO_6,,,6,,,,,2.50,,,,
AK16,pixel_b<3>,IOB,IO_L10P_CC_6,OUTPUT,LVCMOS25*,6,12,SLOW,,,,UNLOCATED,NO,NONE,
AK17,,IOBM,IO_L12P_VRN_6,UNUSED,,6,,,,,,,,,
AK18,,IOBM,IO_L14P_6,UNUSED,,6,,,,,,,,,
AK19,,IOBS,IO_L15N_6,UNUSED,,6,,,,,,,,,
AK20,,,GND,,,,,,,,,,,,
AK21,pixel_g<7>,IOB,IO_L11N_CC_6,OUTPUT,LVCMOS25*,6,12,SLOW,,,,UNLOCATED,NO,NONE,
AK22,pixel_g<2>,IOB,IO_L6N_6,OUTPUT,LVCMOS25*,6,12,SLOW,,,,UNLOCATED,NO,NONE,
AK23,pixel_g<3>,IOB,IO_L6P_6,OUTPUT,LVCMOS25*,6,12,SLOW,,,,UNLOCATED,NO,NONE,
AK24,pixel_g<6>,IOB,IO_L4P_6,OUTPUT,LVCMOS25*,6,12,SLOW,,,,UNLOCATED,NO,NONE,
AK25,,,VCCO_25,,,25,,,,,any******,,,,
AK26,ddr2_dqs<2>,IOB,IO_L8P_CC_21,BIDIR,DIFF_SSTL18_II_DCI,21,,,,NONE,,LOCATED,YES,SPLIT,
AK27,ddr2_dqs_n<1>,IOB,IO_L10N_CC_21,BIDIR,DIFF_SSTL18_II_DCI,21,,,,NONE,,LOCATED,YES,SPLIT,
AK28,ddr2_dqs<1>,IOB,IO_L10P_CC_21,BIDIR,DIFF_SSTL18_II_DCI,21,,,,NONE,,LOCATED,YES,SPLIT,
AK29,ddr2_ck<0>,IOB,IO_L9P_CC_21,OUTPUT,DIFF_SSTL18_II,21,,,,,,LOCATED,YES,NONE,
AK30,,,GND,,,,,,,,,,,,
AK31,ddr2_dq<1>,IOB,IO_L16N_17,BIDIR,SSTL18_II_DCI,17,,,,NONE,,LOCATED,YES,SPLIT,
AK32,,IOBS,IO_L15N_13,UNUSED,,13,,,,,,,,,
AK33,,IOBS,IO_L13N_13,UNUSED,,13,,,,,,,,,
AK34,,IOBM,IO_L13P_13,UNUSED,,13,,,,,,,,,
AL1,,IPAD,MGTRXP0_122,UNUSED,,,,,,,,,,,
AL2,,OPAD,MGTTXN0_122,UNUSED,,,,,,,,,,,
AL3,,,MGTAVTTRX_122,,,,,,,,,,,,
AL4,,IPAD,MGTREFCLKN_122,UNUSED,,,,,,,,,,,
AL5,,IPAD,MGTREFCLKP_122,UNUSED,,,,,,,,,,,
AL6,,,GND,,,,,,,,,,,,
AL7,,IPAD,MGTREFCLKP_126,UNUSED,,,,,,,,,,,
AL8,,,MGTAVCC_126,,,,,,,,,,,,
AL9,,,GND,,,,,,,,,,,,
AL10,clk_dvi,IOB,IO_L8N_CC_22,OUTPUT,LVCMOS33,22,24,FAST,,,,LOCATED,NO,NONE,
AL11,clk_dvi_n,IOB,IO_L8P_CC_22,OUTPUT,LVCMOS33,22,24,FAST,,,,LOCATED,YES,NONE,
AL12,,,VCCO_4,,,4,,,,,2.50,,,,
AL13,pixel_r<1>,IOB,IO_L3P_6,OUTPUT,LVCMOS25*,6,12,SLOW,,,,UNLOCATED,NO,NONE,
AL14,pixel_g<0>,IOB,IO_L7N_6,OUTPUT,LVCMOS25*,6,12,SLOW,,,,UNLOCATED,NO,NONE,
AL15,pixel_g<1>,IOB,IO_L7P_6,OUTPUT,LVCMOS25*,6,12,SLOW,,,,UNLOCATED,NO,NONE,
AL16,pixel_b<2>,IOB,IO_L10N_CC_6,OUTPUT,LVCMOS25*,6,12,SLOW,,,,UNLOCATED,NO,NONE,
AL17,,,GND,,,,,,,,,,,,
AL18,,IOBS,IO_L14N_VREF_6,UNUSED,,6,,,,,,,,,
AL19,,IOBM,IO_L13P_6,UNUSED,,6,,,,,,,,,
AL20,,IOBS,IO_L13N_6,UNUSED,,6,,,,,,,,,
AL21,pixel_b<1>,IOB,IO_L11P_CC_6,OUTPUT,LVCMOS25*,6,12,SLOW,,,,UNLOCATED,NO,NONE,
AL22,,,VCCO_25,,,25,,,,,any******,,,,
AL23,pixel_b<0>,IOB,IO_L4N_VREF_6,OUTPUT,LVCMOS25*,6,12,SLOW,,,,UNLOCATED,NO,NONE,
AL24,,IOBS,IO_L11N_CC_25,UNUSED,,25,,,,,,,,,
AL25,,IOBM,IO_L11P_CC_25,UNUSED,,25,,,,,,,,,
AL26,,IOBS,IO_L9N_CC_25,UNUSED,,25,,,,,,,,,
AL27,,,GND,,,,,,,,,,,,
AL28,,IOBS,IO_L4N_VREF_25,UNUSED,,25,,,,,,,,,
AL29,,IOBM,IO_L0P_25,UNUSED,,25,,,,,,,,,
AL30,,IOBS,IO_L0N_25,UNUSED,,25,,,,,,,,,
AL31,,IOBS,IO_L1N_25,UNUSED,,25,,,,,,,,,
AL32,,,VCCO_21,,,21,,,,,1.80,,,,
AL33,,IOBS,IO_L16N_13,UNUSED,,13,,,,,,,,,
AL34,,IOBM,IO_L16P_13,UNUSED,,13,,,,,,,,,
AM1,,IPAD,MGTRXN0_122,UNUSED,,,,,,,,,,,
AM2,,,GND,,,,,,,,,,,,
AM3,,,MGTAVTTTX_122,,,,,,,,,,,,
AM4,,,MGTAVCCPLL_122,,,,,,,,,,,,
AM5,,,MGTAVTTTX_126,,,,,,,,,,,,
AM6,,,MGTAVTTRX_126,,,,,,,,,,,,
AM7,,IPAD,MGTREFCLKN_126,UNUSED,,,,,,,,,,,
AM8,,,MGTAVCC_126,,,,,,,,,,,,
AM9,,,MGTAVCCPLL_126,,,,,,,,,,,,
AM10,,,MGTAVTTTX_126,,,,,,,,,,,,
AM11,vsync,IOB,IO_L6N_22,OUTPUT,LVDCI_33,22,,,,,,LOCATED,NO,DRIVER,
AM12,hsync,IOB,IO_L6P_22,OUTPUT,LVDCI_33,22,,,,,,LOCATED,NO,DRIVER,
AM13,D<6>,IOB,IO_L2N_22,OUTPUT,LVDCI_33,22,,,,,,LOCATED,NO,DRIVER,
AM14,,,GND,,,,,,,,,,,,
AM15,,IOBM,IO_L16P_6,UNUSED,,6,,,,,,,,,
AM16,,IOBS,IO_L16N_6,UNUSED,,6,,,,,,,,,
AM17,,IOBM,IO_L19P_6,UNUSED,,6,,,,,,,,,
AM18,,IOBS,IO_L17N_25,UNUSED,,25,,,,,,,,,
AM19,,,VCCO_2,,,2,,,,,any******,,,,
AM20,,IOBS,IO_L13N_25,UNUSED,,25,,,,,,,,,
AM21,,IOBM,IO_L13P_25,UNUSED,,25,,,,,,,,,
AM22,,IOBS,IO_L16N_25,UNUSED,,25,,,,,,,,,
AM23,,IOBS,IO_L14N_VREF_25,UNUSED,,25,,,,,,,,,
AM24,,,GND,,,,,,,,,,,,
AM25,,IOBS,IO_L8N_CC_25,UNUSED,,25,,,,,,,,,
AM26,,IOBM,IO_L9P_CC_25,UNUSED,,25,,,,,,,,,
AM27,,IOBM,IO_L4P_25,UNUSED,,25,,,,,,,,,
AM28,,IOBS,IO_L7N_25,UNUSED,,25,,,,,,,,,
AM29,,,VCCO_21,,,21,,,,,1.80,,,,
AM30,,IOBS,IO_L2N_25,UNUSED,,25,,,,,,,,,
AM31,,IOBM,IO_L1P_25,UNUSED,,25,,,,,,,,,
AM32,,IOBS,IO_L17N_13,UNUSED,,13,,,,,,,,,
AM33,,IOBM,IO_L17P_13,UNUSED,,13,,,,,,,,,
AM34,,,GND,,,,,,,,,,,,
AN1,,,GND,,,,,,,,,,,,
AN2,,,GND,,,,,,,,,,,,
AN3,,OPAD,MGTTXN1_122,UNUSED,,,,,,,,,,,
AN4,,OPAD,MGTTXP1_122,UNUSED,,,,,,,,,,,
AN5,,OPAD,MGTTXP0_126,UNUSED,,,,,,,,,,,
AN6,,OPAD,MGTTXN0_126,UNUSED,,,,,,,,,,,
AN7,,,GND,,,,,,,,,,,,
AN8,,,GND,,,,,,,,,,,,
AN9,,OPAD,MGTTXN1_126,UNUSED,,,,,,,,,,,
AN10,,OPAD,MGTTXP1_126,UNUSED,,,,,,,,,,,
AN11,,,GND,,,,,,,,,,,,
AN12,D<2>,IOB,IO_L4N_VREF_22,OUTPUT,LVDCI_33,22,,,,,,LOCATED,NO,DRIVER,
AN13,D<7>,IOB,IO_L2P_22,OUTPUT,LVDCI_33,22,,,,,,LOCATED,NO,DRIVER,
AN14,D<11>,IOB,IO_L0P_22,OUTPUT,LVDCI_33,22,,,,,,LOCATED,NO,DRIVER,
AN15,,IOBM,IO_L18P_6,UNUSED,,6,,,,,,,,,
AN16,,,VCCO_6,,,6,,,,,2.50,,,,
AN17,,IOBS,IO_L19N_6,UNUSED,,6,,,,,,,,,
AN18,,IOBM,IO_L17P_25,UNUSED,,25,,,,,,,,,
AN19,,IOBM,IO_L19P_25,UNUSED,,25,,,,,,,,,
AN20,,IOBM,IO_L15P_25,UNUSED,,25,,,,,,,,,
AN21,,,GND,,,,,,,,,,,,
AN22,,IOBM,IO_L16P_25,UNUSED,,25,,,,,,,,,
AN23,,IOBM,IO_L14P_25,UNUSED,,25,,,,,,,,,
AN24,,IOBM,IO_L12P_VRN_25,UNUSED,,25,,,,,,,,,
AN25,,IOBM,IO_L8P_CC_25,UNUSED,,25,,,,,,,,,
AN26,,,VCCO_25,,,25,,,,,any******,,,,
AN27,,IOBS,IO_L6N_25,UNUSED,,25,,,,,,,,,
AN28,,IOBM,IO_L7P_25,UNUSED,,25,,,,,,,,,
AN29,,IOBS,IO_L5N_25,UNUSED,,25,,,,,,,,,
AN30,,IOBM,IO_L2P_25,UNUSED,,25,,,,,,,,,
AN31,,,GND,,,,,,,,,,,,
AN32,,IOBM,IO_L19P_13,UNUSED,,13,,,,,,,,,
AN33,,IOBS,IO_L18N_13,UNUSED,,13,,,,,,,,,
AN34,,IOBM,IO_L18P_13,UNUSED,,13,,,,,,,,,
AP2,,IPAD,MGTRXN1_122,UNUSED,,,,,,,,,,,
AP3,,IPAD,MGTRXP1_122,UNUSED,,,,,,,,,,,
AP6,,IPAD,MGTRXP0_126,UNUSED,,,,,,,,,,,
AP7,,IPAD,MGTRXN0_126,UNUSED,,,,,,,,,,,
AP8,,IPAD,MGTRXN1_126,UNUSED,,,,,,,,,,,
AP9,,IPAD,MGTRXP1_126,UNUSED,,,,,,,,,,,
AP11,,,GND,,,,,,,,,,,,
AP12,D<3>,IOB,IO_L4P_22,OUTPUT,LVDCI_33,22,,,,,,LOCATED,NO,DRIVER,
AP13,,,GND,,,,,,,,,,,,
AP14,D<10>,IOB,IO_L0N_22,OUTPUT,LVDCI_33,22,,,,,,LOCATED,NO,DRIVER,
AP15,,IOBS,IO_L18N_6,UNUSED,,6,,,,,,,,,
AP16,,IOBM,IO_L17P_6,UNUSED,,6,,,,,,,,,
AP17,,IOBS,IO_L17N_6,UNUSED,,6,,,,,,,,,
AP18,,,GND,,,,,,,,,,,,
AP19,,IOBS,IO_L19N_25,UNUSED,,25,,,,,,,,,
AP20,,IOBS,IO_L15N_25,UNUSED,,25,,,,,,,,,
AP21,,IOBS,IO_L18N_25,UNUSED,,25,,,,,,,,,
AP22,,IOBM,IO_L18P_25,UNUSED,,25,,,,,,,,,
AP23,,,GND,,,,,,,,,,,,
AP24,,IOBS,IO_L12N_VRP_25,UNUSED,,25,,,,,,,,,
AP25,,IOBS,IO_L10N_CC_25,UNUSED,,25,,,,,,,,,
AP26,,IOBM,IO_L10P_CC_25,UNUSED,,25,,,,,,,,,
AP27,,IOBM,IO_L6P_25,UNUSED,,25,,,,,,,,,
AP28,,,GND,,,,,,,,,,,,
AP29,,IOBM,IO_L5P_25,UNUSED,,25,,,,,,,,,
AP30,,IOBM,IO_L3P_25,UNUSED,,25,,,,,,,,,
AP31,,IOBS,IO_L3N_25,UNUSED,,25,,,,,,,,,
AP32,,IOBS,IO_L19N_13,UNUSED,,13,,,,,,,,,
AP33,,,GND,,,,,,,,,,,,
B1,,,GND,,,,,,,,,,,,
B2,,,GND,,,,,,,,,,,,
B3,,OPAD,MGTTXN0_120,UNUSED,,,,,,,,,,,
B4,,OPAD,MGTTXP0_120,UNUSED,,,,,,,,,,,
B5,,OPAD,MGTTXP1_124,UNUSED,,,,,,,,,,,
B6,,OPAD,MGTTXN1_124,UNUSED,,,,,,,,,,,
B7,,,GND,,,,,,,,,,,,
B8,,,GND,,,,,,,,,,,,
B9,,OPAD,MGTTXN0_124,UNUSED,,,,,,,,,,,
B10,,OPAD,MGTTXP0_124,UNUSED,,,,,,,,,,,
B11,,,GND,,,,,,,,,,,,
B12,,IOBS,IO_L8N_CC_20,UNUSED,,20,,,,,,,,,
B13,,IOBM,IO_L11P_CC_20,UNUSED,,20,,,,,,,,,
B14,,,GND,,,,,,,,,,,,
B15,,IOBS,IO_L0N_5,UNUSED,,5,,,,,,,,,
B16,,IOBM,IO_L0P_5,UNUSED,,5,,,,,,,,,
B17,,IOBM,IO_L2P_5,UNUSED,,5,,,,,,,,,
B18,,IOBM,IO_L4P_23,UNUSED,,23,,,,,,,,,
B19,,,VCCO_5,,,5,,,,,any******,,,,
B20,,IOBS,IO_L0N_23,UNUSED,,23,,,,,,,,,
B21,,IOBM,IO_L1P_23,UNUSED,,23,,,,,,,,,
B22,,IOBS,IO_L3N_23,UNUSED,,23,,,,,,,,,
B23,,IOBS,IO_L5N_23,UNUSED,,23,,,,,,,,,
B24,,,GND,,,,,,,,,,,,
B25,,IOBM,IO_L11P_CC_23,UNUSED,,23,,,,,,,,,
B26,,IOBM,IO_L9P_CC_23,UNUSED,,23,,,,,,,,,
B27,,IOBM,IO_L10P_CC_23,UNUSED,,23,,,,,,,,,
B28,,IOBS,IO_L12N_VRP_23,UNUSED,,23,,,,,,,,,
B29,,,GND,,,,,,,,,,,,
B30,,IOBS,IO_L19N_23,UNUSED,,23,,,,,,,,,
B31,,IOBM,IO_L16P_23,UNUSED,,23,,,,,,,,,
B32,,IOBM,IO_L0P_11,UNUSED,,11,,,,,,,,,
B33,,IOBM,IO_L1P_11,UNUSED,,11,,,,,,,,,
B34,,,GND,,,,,,,,,,,,
C1,,IPAD,MGTRXN1_120,UNUSED,,,,,,,,,,,
C2,,,GND,,,,,,,,,,,,
C3,,,MGTAVTTRX_120,,,,,,,,,,,,
C4,,,MGTAVTTTX_120,,,,,,,,,,,,
C5,,,MGTAVTTTX_124,,,,,,,,,,,,
C6,,,MGTAVCCPLL_124,,,,,,,,,,,,
C7,,,MGTAVCC_124,,,,,,,,,,,,
C8,,IPAD,MGTREFCLKN_124,UNUSED,,,,,,,,,,,
C9,,,MGTAVTTRX_124,,,,,,,,,,,,
C10,,,MGTAVTTTX_124,,,,,,,,,,,,
C11,,,GND,,,,,,,,,,,,
C12,,IOBS,IO_L6N_20,UNUSED,,20,,,,,,,,,
C13,,IOBS,IO_L11N_CC_20,UNUSED,,20,,,,,,,,,
C14,,IOBM,IO_L3P_5,UNUSED,,5,,,,,,,,,
C15,,IOBS,IO_L3N_5,UNUSED,,5,,,,,,,,,
C16,,,VCCO_5,,,5,,,,,any******,,,,
C17,,IOBM,IO_L5P_5,UNUSED,,5,,,,,,,,,
C18,,IOBS,IO_L2N_23,UNUSED,,23,,,,,,,,,
C19,,IOBM,IO_L2P_23,UNUSED,,23,,,,,,,,,
C20,,IOBM,IO_L0P_23,UNUSED,,23,,,,,,,,,
C21,,,GND,,,,,,,,,,,,
C22,,IOBM,IO_L3P_23,UNUSED,,23,,,,,,,,,
C23,,IOBM,IO_L5P_23,UNUSED,,23,,,,,,,,,
C24,,IOBM,IO_L8P_CC_23,UNUSED,,23,,,,,,,,,
C25,,IOBS,IO_L11N_CC_23,UNUSED,,23,,,,,,,,,
C26,,,VCCO_23,,,23,,,,,any******,,,,
C27,,IOBS,IO_L13N_23,UNUSED,,23,,,,,,,,,
C28,,IOBM,IO_L15P_23,UNUSED,,23,,,,,,,,,
C29,,IOBM,IO_L12P_VRN_23,UNUSED,,23,,,,,,,,,
C30,,IOBM,IO_L17P_23,UNUSED,,23,,,,,,,,,
C31,,,GND,,,,,,,,,,,,
C32,,IOBM,IO_L2P_11,UNUSED,,11,,,,,,,,,
C33,,IOBS,IO_L1N_11,UNUSED,,11,,,,,,,,,
C34,,IOBM,IO_L3P_11,UNUSED,,11,,,,,,,,,
D1,,IPAD,MGTRXP1_120,UNUSED,,,,,,,,,,,
D2,,OPAD,MGTTXN1_120,UNUSED,,,,,,,,,,,
D3,,,MGTAVCCPLL_120,,,,,,,,,,,,
D4,,IPAD,MGTREFCLKN_120,UNUSED,,,,,,,,,,,
D5,,,MGTAVCC_120,,,,,,,,,,,,
D6,,,GND,,,,,,,,,,,,
D7,,,MGTAVCC_124,,,,,,,,,,,,
D8,,IPAD,MGTREFCLKP_124,UNUSED,,,,,,,,,,,
D9,,,GND,,,,,,,,,,,,
D10,,IOBS,IO_L4N_VREF_20,UNUSED,,20,,,,,,,,,
D11,,IOBM,IO_L4P_20,UNUSED,,20,,,,,,,,,
D12,,IOBM,IO_L6P_20,UNUSED,,20,,,,,,,,,
D13,,,VCCO_1,,,1,,,,,any******,,,,
D14,,IOBM,IO_L9P_CC_5,UNUSED,,5,,,,,,,,,
D15,,IOBS,IO_L7N_5,UNUSED,,5,,,,,,,,,
D16,,IOBM,IO_L7P_5,UNUSED,,5,,,,,,,,,
D17,,IOBS,IO_L5N_5,UNUSED,,5,,,,,,,,,
D18,,,GND,,,,,,,,,,,,
D19,,IOBS,IO_L12N_VRP_5,UNUSED,,5,,,,,,,,,
D20,,IOBS,IO_L6N_5,UNUSED,,5,,,,,,,,,
D21,,IOBM,IO_L13P_5,UNUSED,,5,,,,,,,,,
D22,,IOBS,IO_L13N_5,UNUSED,,5,,,,,,,,,
D23,,,VCCO_3,,,3,,,,,2.50,,,,
D24,,IOBM,IO_L17P_5,UNUSED,,5,,,,,,,,,
D25,,IOBS,IO_L8N_CC_23,UNUSED,,23,,,,,,,,,
D26,,IOBM,IO_L13P_23,UNUSED,,23,,,,,,,,,
D27,,IOBS,IO_L15N_23,UNUSED,,23,,,,,,,,,
D28,,,GND,,,,,,,,,,,,
D29,,IOBS,IO_L17N_23,UNUSED,,23,,,,,,,,,
D30,,IOBS,IO_L18N_23,UNUSED,,23,,,,,,,,,
D31,,IOBM,IO_L18P_23,UNUSED,,23,,,,,,,,,
D32,,IOBS,IO_L2N_11,UNUSED,,11,,,,,,,,,
D33,,,GND,,,,,,,,,,,,
D34,,IOBS,IO_L3N_11,UNUSED,,11,,,,,,,,,
E2,,OPAD,MGTTXP1_120,UNUSED,,,,,,,,,,,
E3,,,MGTAVTTTX_120,,,,,,,,,,,,
E4,,IPAD,MGTREFCLKP_120,UNUSED,,,,,,,,,,,
E5,,,GND,,,,,,,,,,,,
E6,,IOBM,IO_L19P_12,UNUSED,,12,,,,,,,,,
E7,,IOBS,IO_L19N_12,UNUSED,,12,,,,,,,,,
E8,,IOBS,IO_L0N_20,UNUSED,,20,,,,,,,,,
E9,,IOBM,IO_L0P_20,UNUSED,,20,,,,,,,,,
E10,,,VCCO_20,,,20,,,,,any******,,,,
E11,,IOBS,IO_L15N_20,UNUSED,,20,,,,,,,,,
E12,,IOBM,IO_L17P_20,UNUSED,,20,,,,,,,,,
E13,,IOBS,IO_L17N_20,UNUSED,,20,,,,,,,,,
E14,,IOBS,IO_L9N_CC_5,UNUSED,,5,,,,,,,,,
E15,,,GND,,,,,,,,,,,,
E16,,IOBS,IO_L10N_CC_5,UNUSED,,5,,,,,,,,,
E17,,IOBM,IO_L10P_CC_5,UNUSED,,5,,,,,,,,,
E18,,IOBM,IO_L12P_VRN_5,UNUSED,,5,,,,,,,,,
E19,,IOBM,IO_L4P_5,UNUSED,,5,,,,,,,,,
E20,,,VCCO_3,,,3,,,,,2.50,,,,
E21,,IOBM,IO_L6P_5,UNUSED,,5,,,,,,,,,
E22,,IOBM,IO_L15P_5,UNUSED,,5,,,,,,,,,
E23,,IOBS,IO_L17N_5,UNUSED,,5,,,,,,,,,
E24,,IOBS,IO_L19N_5,UNUSED,,5,,,,,,,,,
E25,,,GND,,,,,,,,,,,,
E26,ddr2_dqs<5>,IOB,IO_L11P_CC_19,BIDIR,DIFF_SSTL18_II_DCI,19,,,,NONE,,LOCATED,YES,SPLIT,
E27,ddr2_dqs_n<5>,IOB,IO_L11N_CC_19,BIDIR,DIFF_SSTL18_II_DCI,19,,,,NONE,,LOCATED,YES,SPLIT,
E28,ddr2_ck<1>,IOB,IO_L10P_CC_19,OUTPUT,DIFF_SSTL18_II,19,,,,,,LOCATED,YES,NONE,
E29,,IOBM,IO_L0P_15,UNUSED,,15,,,,,,,,,
E30,,,VCCO_19,,,19,,,,,1.80,,,,
E31,ddr2_cas_n,IOB,IO_L3N_15,OUTPUT,SSTL18_II,15,,,,,,LOCATED,YES,NONE,
E32,,IOBM,IO_L6P_11,UNUSED,,11,,,,,,,,,
E33,,IOBS,IO_L6N_11,UNUSED,,11,,,,,,,,,
E34,,IOBS,IO_L5N_11,UNUSED,,11,,,,,,,,,
F2,,OPAD,MGTTXP0_116,UNUSED,,,,,,,,,,,
F3,,,MGTAVTTTX_116,,,,,,,,,,,,
F4,,,MGTAVCC_120,,,,,,,,,,,,
F5,,IOBM,IO_L15P_12,UNUSED,,12,,,,,,,,,
F6,,IOBS,IO_L15N_12,UNUSED,,12,,,,,,,,,
F7,,,GND,,,,,,,,,,,,
F8,,IOBS,IO_L1N_20,UNUSED,,20,,,,,,,,,
F9,,IOBM,IO_L1P_20,UNUSED,,20,,,,,,,,,
F10,,IOBM,IO_L2P_20,UNUSED,,20,,,,,,,,,
F11,,IOBM,IO_L15P_20,UNUSED,,20,,,,,,,,,
F12,,,GND,,,,,,,,,,,,
F13,,IOBM,IO_L19P_20,UNUSED,,20,,,,,,,,,
F14,,IOBM,IO_L18P_5,UNUSED,,5,,,,,,,,,
F15,,IOBS,IO_L18N_5,UNUSED,,5,,,,,,,,,
F16,,IOBS,IO_L16N_5,UNUSED,,5,,,,,,,,,
F17,,,VCCO_5,,,5,,,,,any******,,,,
F18,,IOBM,IO_L14P_5,UNUSED,,5,,,,,,,,,
F19,,IOBS,IO_L4N_VREF_5,UNUSED,,5,,,,,,,,,
F20,,IOBS,IO_L8N_CC_5,UNUSED,,5,,,,,,,,,
F21,,IOBM,IO_L11P_CC_5,UNUSED,,5,,,,,,,,,
F22,,,GND,,,,,,,,,,,,
F23,,IOBS,IO_L15N_5,UNUSED,,5,,,,,,,,,
F24,,IOBM,IO_L19P_5,UNUSED,,5,,,,,,,,,
F25,ddr2_dq<50>,IOB,IO_L7P_19,BIDIR,SSTL18_II_DCI,19,,,,NONE,,LOCATED,YES,SPLIT,
F26,ddr2_dm<6>,IOB,IO_L7N_19,OUTPUT,SSTL18_II,19,,,,,,LOCATED,YES,NONE,
F27,,,VCCO_23,,,23,,,,,any******,,,,
F28,ddr2_ck_n<1>,IOB,IO_L10N_CC_19,OUTPUT,DIFF_SSTL18_II,19,,,,,,LOCATED,YES,NONE,
F29,,IOBS,IO_L0N_15,UNUSED,,15,,,,,,,,,
F30,,IOBS,IO_L1N_15,UNUSED,,15,,,,,,,,,
F31,ddr2_odt<0>,IOB,IO_L3P_15,OUTPUT,SSTL18_II,15,,,,,,LOCATED,YES,NONE,
F32,,,GND,,,,,,,,,,,,
F33,,IOBM,IO_L5P_11,UNUSED,,11,,,,,,,,,
F34,,IOBS,IO_L7N_11,UNUSED,,11,,,,,,,,,
G1,,IPAD,MGTRXP0_116,UNUSED,,,,,,,,,,,
G2,,OPAD,MGTTXN0_116,UNUSED,,,,,,,,,,,
G3,,,MGTAVTTRX_116,,,,,,,,,,,,
G4,,,GND,,,,,,,,,,,,
G5,,IOBS,IO_L13N_12,UNUSED,,12,,,,,,,,,
G6,,IOBM,IO_L17P_12,UNUSED,,12,,,,,,,,,
G7,,IOBS,IO_L17N_12,UNUSED,,12,,,,,,,,,
G8,,IOBM,IO_L3P_20,UNUSED,,20,,,,,,,,,
G9,,,GND,,,,,,,,,,,,
G10,,IOBS,IO_L2N_20,UNUSED,,20,,,,,,,,,
G11,,IOBM,IO_L13P_20,UNUSED,,20,,,,,,,,,
G12,,IOBS,IO_L13N_20,UNUSED,,20,,,,,,,,,
G13,,IOBS,IO_L19N_20,UNUSED,,20,,,,,,,,,
G14,,,VCCO_1,,,1,,,,,any******,,,,
G15,,IOBM,IO_L2P_GC_VRN_3,UNUSED,,3,,,,,,,,,
G16,,IOBS,IO_L2N_GC_VRP_3,UNUSED,,3,,,,,,,,,
G17,,IOBM,IO_L16P_5,UNUSED,,5,,,,,,,,,
G18,,IOBS,IO_L14N_VREF_5,UNUSED,,5,,,,,,,,,
G19,,,GND,,,,,,,,,,,,
G20,,IOBM,IO_L8P_CC_5,UNUSED,,5,,,,,,,,,
G21,,IOBS,IO_L11N_CC_5,UNUSED,,5,,,,,,,,,
G22,,IOBM,IO_L4P_A11_D27_1,UNUSED,,1,,,,,,,,,
G23,,IOBM,IO_L8P_CC_A3_D19_1,UNUSED,,1,,,,,,,,,
G24,,,VCCO_23,,,23,,,,,any******,,,,
G25,ddr2_dq<56>,IOB,IO_L5P_19,BIDIR,SSTL18_II_DCI,19,,,,NONE,,LOCATED,YES,SPLIT,
G26,ddr2_dq<55>,IOB,IO_L5N_19,BIDIR,SSTL18_II_DCI,19,,,,NONE,,LOCATED,YES,SPLIT,
G27,ddr2_dqs<7>,IOB,IO_L8P_CC_19,BIDIR,DIFF_SSTL18_II_DCI,19,,,,NONE,,LOCATED,YES,SPLIT,
G28,ddr2_dqs_n<6>,IOB,IO_L9N_CC_19,BIDIR,DIFF_SSTL18_II_DCI,19,,,,NONE,,LOCATED,YES,SPLIT,
G29,,,GND,,,,,,,,,,,,
G30,,IOBM,IO_L1P_15,UNUSED,,15,,,,,,,,,
G31,ddr2_ba<0>,IOB,IO_L5N_15,OUTPUT,SSTL18_II,15,,,,,,LOCATED,YES,NONE,
G32,,IOBM,IO_L4P_11,UNUSED,,11,,,,,,,,,
G33,,IOBM,IO_L7P_11,UNUSED,,11,,,,,,,,,
G34,,,GND,,,,,,,,,,,,
H1,,IPAD,MGTRXN0_116,UNUSED,,,,,,,,,,,
H2,,,GND,,,,,,,,,,,,
H3,,IPAD,MGTREFCLKN_116,UNUSED,,,,,,,,,,,
H4,,IPAD,MGTREFCLKP_116,UNUSED,,,,,,,,,,,
H5,,IOBM,IO_L13P_12,UNUSED,,12,,,,,,,,,
H6,,,GND,,,,,,,,,,,,
H7,,IOBM,IO_L11P_CC_12,UNUSED,,12,,,,,,,,,
H8,,IOBS,IO_L3N_20,UNUSED,,20,,,,,,,,,
H9,,IOBS,IO_L7N_20,UNUSED,,20,,,,,,,,,
H10,,IOBM,IO_L7P_20,UNUSED,,20,,,,,,,,,
H11,,,VCCO_20,,,20,,,,,any******,,,,
H12,,IOBS,IO_L7N_A4_D20_1,UNUSED,,1,,,,,,,,,
H13,,IOBS,IO_L8N_GC_3,UNUSED,,3,,,,,,,,,
H14,,IOBM,IO_L6P_GC_3,UNUSED,,3,,,,,,,,,
H15,,IOBS,IO_L6N_GC_3,UNUSED,,3,,,,,,,,,
H16,,,GND,,,,,,,,,,,,
H17,,IOBM,IO_L0P_CC_GC_3,UNUSED,,3,,,,,,,,,
H18,phy_init_done,IOB,IO_L0N_CC_GC_3,OUTPUT,LVCMOS25*,3,12,SLOW,,,,LOCATED,NO,NONE,
H19,,IOBM,IO_L9P_GC_3,UNUSED,,3,,,,,,,,,
H20,,IOBS,IO_L9N_GC_3,UNUSED,,3,,,,,,,,,
H21,,,GND,,,,,,,,,,,,
H22,,IOBS,IO_L4N_VREF_A10_D26_1,UNUSED,,1,,,,,,,,,
H23,,IOBS,IO_L8N_CC_A2_D18_1,UNUSED,,1,,,,,,,,,
H24,ddr2_dq<54>,IOB,IO_L6N_19,BIDIR,SSTL18_II_DCI,19,,,,NONE,,LOCATED,YES,SPLIT,
H25,ddr2_dq<51>,IOB,IO_L6P_19,BIDIR,SSTL18_II_DCI,19,,,,NONE,,LOCATED,YES,SPLIT,
H26,,,GND,,,,,,,,,,,,
H27,ddr2_dqs_n<7>,IOB,IO_L8N_CC_19,BIDIR,DIFF_SSTL18_II_DCI,19,,,,NONE,,LOCATED,YES,SPLIT,
H28,ddr2_dqs<6>,IOB,IO_L9P_CC_19,BIDIR,DIFF_SSTL18_II_DCI,19,,,,NONE,,LOCATED,YES,SPLIT,
H29,,IOBM,IO_L2P_15,UNUSED,,15,,,,,,,,,
H30,ddr2_ras_n,IOB,IO_L5P_15,OUTPUT,SSTL18_II,15,,,,,,LOCATED,YES,NONE,
H31,,,VCCO_19,,,19,,,,,1.80,,,,
H32,,IOBS,IO_L4N_VREF_11,UNUSED,,11,,,,,,,,,
H33,,IOBS,IO_L8N_CC_11,UNUSED,,11,,,,,,,,,
H34,,IOBM,IO_L9P_CC_11,UNUSED,,11,,,,,,,,,
J1,,IPAD,MGTRXN1_116,UNUSED,,,,,,,,,,,
J2,,,GND,,,,,,,,,,,,
J3,,,MGTAVCC_116,,,,,,,,,,,,
J4,,,MGTAVCC_116,,,,,,,,,,,,
J5,,IOBS,IO_L8N_CC_12,UNUSED,,12,,,,,,,,,
J6,,IOBM,IO_L8P_CC_12,UNUSED,,12,,,,,,,,,
J7,,IOBS,IO_L11N_CC_12,UNUSED,,12,,,,,,,,,
J8,,,VCCO_20,,,20,,,,,any******,,,,
J9,,IOBS,IO_L9N_CC_20,UNUSED,,20,,,,,,,,,
J10,,IOBM,IO_L9P_CC_20,UNUSED,,20,,,,,,,,,
J11,,IOBS,IO_L5N_20,UNUSED,,20,,,,,,,,,
J12,,IOBM,IO_L7P_A5_D21_1,UNUSED,,1,,,,,,,,,
J13,,,GND,,,,,,,,,,,,
J14,,IOBM,IO_L8P_GC_3,UNUSED,,3,,,,,,,,,
J15,,IOBS,IO_L3N_A12_D28_1,UNUSED,,1,,,,,,,,,
J16,,IOBM,IO_L4P_GC_3,UNUSED,,3,,,,,,,,,
J17,,IOBS,IO_L4N_GC_VREF_3,UNUSED,,3,,,,,,,,,
J18,,,GND,,,,,,,,,,,,
J19,,IOBS,IO_L3N_GC_3,UNUSED,,3,,,,,,,,,
J20,,IOBM,IO_L7P_GC_3,UNUSED,,3,,,,,,,,,
J21,,IOBS,IO_L7N_GC_3,UNUSED,,3,,,,,,,,,
J22,,IOBM,IO_L2P_A15_D31_1,UNUSED,,1,,,,,,,,,
J23,,,GND,,,,,,,,,,,,
J24,ddr2_dq<58>,IOB,IO_L2P_19,BIDIR,SSTL18_II_DCI,19,,,,NONE,,LOCATED,YES,SPLIT,
J25,ddr2_dm<7>,IOB,IO_L2N_19,OUTPUT,SSTL18_II,19,,,,,,LOCATED,YES,NONE,
J26,,IOBS,IO_L4N_VREF_19, ,,19,,,,,0.90,,,,
J27,ddr2_dq<60>,IOB,IO_L4P_19,BIDIR,SSTL18_II_DCI,19,,,,NONE,,LOCATED,YES,SPLIT,
J28,,,VCCO_19,,,19,,,,,1.80,,,,
J29,,IOBS,IO_L2N_15,UNUSED,,15,,,,,,,,,
J30,ddr2_ba<1>,IOB,IO_L6P_15,OUTPUT,SSTL18_II,15,,,,,,LOCATED,YES,NONE,
J31,ddr2_a<10>,IOB,IO_L6N_15,OUTPUT,SSTL18_II,15,,,,,,LOCATED,YES,NONE,
J32,,IOBM,IO_L8P_CC_11,UNUSED,,11,,,,,,,,,
J33,,,GND,,,,,,,,,,,,
J34,,IOBS,IO_L9N_CC_11,UNUSED,,11,,,,,,,,,
K1,,IPAD,MGTRXP1_116,UNUSED,,,,,,,,,,,
K2,,OPAD,MGTTXN1_116,UNUSED,,,,,,,,,,,
K3,,,MGTAVCCPLL_116,,,,,,,,,,,,
K4,,,GND,,,,,,,,,,,,
K5,,,GND,,,,,,,,,,,,
K6,,IOBS,IO_L6N_12,UNUSED,,12,,,,,,,,,
K7,,IOBM,IO_L6P_12,UNUSED,,12,,,,,,,,,
K8,,IOBM,IO_L10P_CC_20,UNUSED,,20,,,,,,,,,
K9,,IOBS,IO_L10N_CC_20,UNUSED,,20,,,,,,,,,
K10,,,GND,,,,,,,,,,,,
K11,,IOBM,IO_L5P_20,UNUSED,,20,,,,,,,,,
K12,,IOBS,IO_L9N_CC_A0_D16_1,UNUSED,,1,,,,,,,,,
K13,,IOBM,IO_L9P_CC_A1_D17_1,UNUSED,,1,,,,,,,,,
K14,,IOBS,IO_L5N_A8_D24_1,UNUSED,,1,,,,,,,,,
K15,,,GND,,,,,,,,,,,,
K16,,IOBM,IO_L3P_A13_D29_1,UNUSED,,1,,,,,,,,,
K17,,IOBM,IO_L1P_CC_GC_3,UNUSED,,3,,,,,,,,,
K18,,IOBM,IO_L3P_GC_3,UNUSED,,3,,,,,,,,,
K19,clk200_n,IOB,IO_L5N_GC_3,INPUT,LVDS_25,3,,,,NONE,,LOCATED,NO,DIFF_TERM,
K20,,,GND,,,,,,,,,,,,
K21,,IOBS,IO_L2N_A14_D30_1,UNUSED,,1,,,,,,,,,
K22,,IOBS,IO_L6N_A6_D22_1,UNUSED,,1,,,,,,,,,
K23,,IOBM,IO_L6P_A7_D23_1,UNUSED,,1,,,,,,,,,
K24,,IOBM,IO_L0P_19,UNUSED,,19,,,,,,,,,
K25,,,GND,,,,,,,,,,,,
K26,,IOBS,IO_L14N_VREF_19, ,,19,,,,,0.90,,,,
K27,ddr2_dq<52>,IOB,IO_L14P_19,BIDIR,SSTL18_II_DCI,19,,,,NONE,,LOCATED,YES,SPLIT,
K28,ddr2_dq<53>,IOB,IO_L13P_19,BIDIR,SSTL18_II_DCI,19,,,,NONE,,LOCATED,YES,SPLIT,
K29,ddr2_we_n,IOB,IO_L4N_VREF_15,OUTPUT,SSTL18_II,15,,,,,,LOCATED,YES,NONE,
K30,,,GND,,,,,,,,,,,,
K31,ddr2_a<4>,IOB,IO_L9P_CC_15,OUTPUT,SSTL18_II,15,,,,,,LOCATED,YES,NONE,
K32,,IOBS,IO_L11N_CC_SM14N_11,UNUSED,,11,,,,,,,,,
K33,,IOBM,IO_L11P_CC_SM14P_11,UNUSED,,11,,,,,,,,,
K34,,IOBS,IO_L10N_CC_SM15N_11,UNUSED,,11,,,,,,,,,
L2,,OPAD,MGTTXP1_116,UNUSED,,,,,,,,,,,
L3,,,MGTAVTTTX_116,,,,,,,,,,,,
L4,,IOBM,IO_L4P_12,UNUSED,,12,,,,,,,,,
L5,,IOBS,IO_L4N_VREF_12,UNUSED,,12,,,,,,,,,
L6,,IOBS,IO_L2N_12,UNUSED,,12,,,,,,,,,
L7,,,GND,,,,,,,,,,,,
L8,,IOBS,IO_L14N_VREF_20,UNUSED,,20,,,,,,,,,
L9,,IOBS,IO_L16N_20,UNUSED,,20,,,,,,,,,
L10,,IOBM,IO_L12P_VRN_20,UNUSED,,20,,,,,,,,,
L11,,IOBS,IO_L12N_VRP_20,UNUSED,,20,,,,,,,,,
L12,,,VCCAUX,,,,,,,,2.5,,,,
L13,,,GND,,,,,,,,,,,,
L14,,IOBM,IO_L5P_A9_D25_1,UNUSED,,1,,,,,,,,,
L15,,IOBM,IO_L1P_A17_1,UNUSED,,1,,,,,,,,,
L16,,IOBS,IO_L1N_A16_1,UNUSED,,1,,,,,,,,,
L17,,,GND,,,,,,,,,,,,
L18,memory_read_error,IOB,IO_L1N_CC_GC_3,OUTPUT,LVCMOS25*,3,12,SLOW,,,,LOCATED,NO,NONE,
L19,clk200_p,IOB,IO_L5P_GC_3,INPUT,LVDS_25,3,,,,NONE,,LOCATED,NO,DIFF_TERM,
L20,,IOBS,IO_L0N_A18_1,UNUSED,,1,,,,,,,,,
L21,,IOBM,IO_L0P_A19_1,UNUSED,,1,,,,,,,,,
L22,,,GND,,,,,,,,,,,,
L23,,,VBATT_0,,,,,,,,,,,,
L24,ddr2_dq<63>,IOB,IO_L0N_19,BIDIR,SSTL18_II_DCI,19,,,,NONE,,LOCATED,YES,SPLIT,
L25,ddr2_dq<62>,IOB,IO_L1P_19,BIDIR,SSTL18_II_DCI,19,,,,NONE,,LOCATED,YES,SPLIT,
L26,ddr2_dq<59>,IOB,IO_L1N_19,BIDIR,SSTL18_II_DCI,19,,,,NONE,,LOCATED,YES,SPLIT,
L27,,,GND,,,,,,,,,,,,
L28,ddr2_dq<49>,IOB,IO_L13N_19,BIDIR,SSTL18_II_DCI,19,,,,NONE,,LOCATED,YES,SPLIT,
L29,ddr2_cs_n<0>,IOB,IO_L4P_15,OUTPUT,SSTL18_II,15,,,,,,LOCATED,YES,NONE,
L30,ddr2_a<0>,IOB,IO_L7P_15,OUTPUT,SSTL18_II,15,,,,,,LOCATED,YES,NONE,
L31,ddr2_a<5>,IOB,IO_L9N_CC_15,OUTPUT,SSTL18_II,15,,,,,,LOCATED,YES,NONE,
L32,,,VCCO_15,,,15,,,,,1.80,,,,
L33,,IOBM,IO_L13P_11,UNUSED,,11,,,,,,,,,
L34,,IOBM,IO_L10P_CC_SM15P_11,UNUSED,,11,,,,,,,,,
M2,,OPAD,MGTTXP0_112,UNUSED,,,,,,,,,,,
M3,,,MGTAVTTTX_112,,,,,,,,,,,,
M4,,,GND,,,,,,,,,,,,
M5,,IOBS,IO_L0N_12,UNUSED,,12,,,,,,,,,
M6,,IOBM,IO_L0P_12,UNUSED,,12,,,,,,,,,
M7,,IOBM,IO_L2P_12,UNUSED,,12,,,,,,,,,
M8,,IOBM,IO_L14P_20,UNUSED,,20,,,,,,,,,
M9,,,VCCO_12,,,12,,,,,any******,,,,
M10,,IOBM,IO_L16P_20,UNUSED,,20,,,,,,,,,
M11,,,VCCAUX,,,,,,,,2.5,,,,
M12,,,GND,,,,,,,,,,,,
M13,,,VCCINT,,,,,,,,1.0,,,,
M14,,,GND,,,,,,,,,,,,
M15,,,DONE_0,,,,,,,,,,,,
M16,,,GND,,,,,,,,,,,,
M17,,,VCCINT,,,,,,,,1.0,,,,
M18,,,GND,,,,,,,,,,,,
M19,,,VCCINT,,,,,,,,1.0,,,,
M20,,,GND,,,,,,,,,,,,
M21,,,VCCAUX,,,,,,,,2.5,,,,
M22,,,PROGRAM_B_0,,,,,,,,,,,,
M23,,,HSWAPEN_0,,,,,,,,,,,,
M24,,,GND,,,,,,,,,,,,
M25,ddr2_dq<61>,IOB,IO_L3P_19,BIDIR,SSTL18_II_DCI,19,,,,NONE,,LOCATED,YES,SPLIT,
M26,ddr2_dq<57>,IOB,IO_L3N_19,BIDIR,SSTL18_II_DCI,19,,,,NONE,,LOCATED,YES,SPLIT,
M27,,IOBS,IO_L12N_VRP_19,Termination Required,,19,,,TERMINATION,,,,,,
M28,ddr2_dq<48>,IOB,IO_L15P_19,BIDIR,SSTL18_II_DCI,19,,,,NONE,,LOCATED,YES,SPLIT,
M29,,,VCCO_15,,,15,,,,,1.80,,,,
M30,ddr2_a<1>,IOB,IO_L7N_15,OUTPUT,SSTL18_II,15,,,,,,LOCATED,YES,NONE,
M31,ddr2_a<8>,IOB,IO_L11P_CC_15,OUTPUT,SSTL18_II,15,,,,,,LOCATED,YES,NONE,
M32,,IOBS,IO_L13N_11,UNUSED,,11,,,,,,,,,
M33,,IOBS,IO_L12N_VRP_11,UNUSED,,11,,,,,,,,,
M34,,,GND,,,,,,,,,,,,
N1,,IPAD,MGTRXP0_112,UNUSED,,,,,,,,,,,
N2,,OPAD,MGTTXN0_112,UNUSED,,,,,,,,,,,
N3,,,MGTAVTTRX_112,,,,,,,,,,,,
N4,,,GND,,,,,,,,,,,,
N5,,IOBM,IO_L3P_12,UNUSED,,12,,,,,,,,,
N6,,,VCCO_12,,,12,,,,,any******,,,,
N7,,IOBS,IO_L1N_12,UNUSED,,12,,,,,,,,,
N8,,IOBM,IO_L1P_12,UNUSED,,12,,,,,,,,,
N9,,IOBS,IO_L18N_20,UNUSED,,20,,,,,,,,,
N10,,IOBM,IO_L18P_20,UNUSED,,20,,,,,,,,,
N11,,,GND,,,,,,,,,,,,
N12,,,VCCINT,,,,,,,,1.0,,,,
N13,,,GND,,,,,,,,,,,,
N14,,,INIT_B_0,,,,,,,,,,,,
N15,,,CCLK_0,,,,,,,,,,,,
N16,,,VCCINT,,,,,,,,1.0,,,,
N17,,,GND,,,,,,,,,,,,
N18,,,VCCINT,,,,,,,,1.0,,,,
N19,,,GND,,,,,,,,,,,,
N20,,,VCCINT,,,,,,,,1.0,,,,
N21,,,GND,,,,,,,,,,,,
N22,,,CS_B_0,,,,,,,,,,,,
N23,,,RDWR_B_0,,,,,,,,,,,,
N24,ddr2_dq<42>,IOB,IO_L17P_19,BIDIR,SSTL18_II_DCI,19,,,,NONE,,LOCATED,YES,SPLIT,
N25,ddr2_dq<45>,IOB,IO_L18N_19,BIDIR,SSTL18_II_DCI,19,,,,NONE,,LOCATED,YES,SPLIT,
N26,,,GND,,,,,,,,,,,,
N27,,IOBM,IO_L12P_VRN_19,Termination Required,,19,,,TERMINATION,,,,,,
N28,ddr2_dq<47>,IOB,IO_L15N_19,BIDIR,SSTL18_II_DCI,19,,,,NONE,,LOCATED,YES,SPLIT,
N29,ddr2_a<2>,IOB,IO_L8P_CC_15,OUTPUT,SSTL18_II,15,,,,,,LOCATED,YES,NONE,
N30,,IOBS,IO_L11N_CC_15,UNUSED,,15,,,,,,,,,
N31,,,GND,,,,,,,,,,,,
N32,,IOBS,IO_L15N_SM13N_11,UNUSED,,11,,,,,,,,,
N33,,IOBM,IO_L12P_VRN_11,UNUSED,,11,,,,,,,,,
N34,,IOBS,IO_L14N_VREF_11,UNUSED,,11,,,,,,,,,
P1,,IPAD,MGTRXN0_112,UNUSED,,,,,,,,,,,
P2,,,GND,,,,,,,,,,,,
P3,,IPAD,MGTREFCLKN_112,UNUSED,,,,,,,,,,,
P4,,IPAD,MGTREFCLKP_112,UNUSED,,,,,,,,,,,
P5,,IOBS,IO_L3N_12,UNUSED,,12,,,,,,,,,
P6,,IOBS,IO_L5N_12,UNUSED,,12,,,,,,,,,
P7,,IOBM,IO_L5P_12,UNUSED,,12,,,,,,,,,
P8,,,GND,,,,,,,,,,,,
P9,,IOBS,IO_L12N_VRP_12,UNUSED,,12,,,,,,,,,
P10,,IOBS,IO_L14N_VREF_12,UNUSED,,12,,,,,,,,,
P11,,,VCCAUX,,,,,,,,2.5,,,,
P12,,,GND,,,,,,,,,,,,
P13,,,VCCINT,,,,,,,,1.0,,,,
P14,,,GND,,,,,,,,,,,,
P15,,,D_IN_0,,,,,,,,,,,,
P16,,,GND,,,,,,,,,,,,
P17,,,VCCINT,,,,,,,,1.0,,,,
P18,,,GND,,,,,,,,,,,,
P19,,,VCCINT,,,,,,,,1.0,,,,
P20,,,GND,,,,,,,,,,,,
P21,,,VCCINT,,,,,,,,1.0,,,,
P22,,,GND,,,,,,,,,,,,
P23,,,VCCAUX,,,,,,,,2.5,,,,
P24,ddr2_dm<5>,IOB,IO_L17N_19,OUTPUT,SSTL18_II,19,,,,,,LOCATED,YES,NONE,
P25,ddr2_dq<41>,IOB,IO_L18P_19,BIDIR,SSTL18_II_DCI,19,,,,NONE,,LOCATED,YES,SPLIT,
P26,ddr2_dq<43>,IOB,IO_L16P_19,BIDIR,SSTL18_II_DCI,19,,,,NONE,,LOCATED,YES,SPLIT,
P27,ddr2_dq<46>,IOB,IO_L16N_19,BIDIR,SSTL18_II_DCI,19,,,,NONE,,LOCATED,YES,SPLIT,
P28,,,GND,,,,,,,,,,,,
P29,ddr2_a<3>,IOB,IO_L8N_CC_15,OUTPUT,SSTL18_II,15,,,,,,LOCATED,YES,NONE,
P30,ddr2_a<7>,IOB,IO_L10N_CC_15,OUTPUT,SSTL18_II,15,,,,,,LOCATED,YES,NONE,
P31,ddr2_a<6>,IOB,IO_L10P_CC_15,OUTPUT,SSTL18_II,15,,,,,,LOCATED,YES,NONE,
P32,,IOBM,IO_L15P_SM13P_11,UNUSED,,11,,,,,,,,,
P33,,,VCCO_15,,,15,,,,,1.80,,,,
P34,,IOBM,IO_L14P_11,UNUSED,,11,,,,,,,,,
R1,,IPAD,MGTRXN1_112,UNUSED,,,,,,,,,,,
R2,,,GND,,,,,,,,,,,,
R3,,,MGTAVCC_112,,,,,,,,,,,,
R4,,,MGTAVCC_112,,,,,,,,,,,,
R5,,,GND,,,,,,,,,,,,
R6,,IOBM,IO_L7P_12,UNUSED,,12,,,,,,,,,
R7,,IOBM,IO_L9P_CC_12,UNUSED,,12,,,,,,,,,
R8,,IOBS,IO_L9N_CC_12,UNUSED,,12,,,,,,,,,
R9,,IOBM,IO_L12P_VRN_12,UNUSED,,12,,,,,,,,,
R10,,,GND,,,,,,,,,,,,
R11,,IOBM,IO_L14P_12,UNUSED,,12,,,,,,,,,
R12,,,VCCINT,,,,,,,,1.0,,,,
R13,,,GND,,,,,,,,,,,,
R14,,,VCCINT,,,,,,,,1.0,,,,
R15,,,GND,,,,,,,,,,,,
R16,,,VCCINT,,,,,,,,1.0,,,,
R17,,,GND,,,,,,,,,,,,
R18,,,VCCINT,,,,,,,,1.0,,,,
R19,,,GND,,,,,,,,,,,,
R20,,,VCCINT,,,,,,,,1.0,,,,
R21,,,GND,,,,,,,,,,,,
R22,,,VCCINT,,,,,,,,1.0,,,,
R23,,,GND,,,,,,,,,,,,
R24,ddr2_dq<40>,IOB,IO_L19P_19,BIDIR,SSTL18_II_DCI,19,,,,NONE,,LOCATED,YES,SPLIT,
R25,,,GND,,,,,,,,,,,,
R26,,IOBM,IO_L17P_15,UNUSED,,15,,,,,,,,,
R27,,IOBS,IO_L17N_15,UNUSED,,15,,,,,,,,,
R28,ddr2_a<9>,IOB,IO_L12P_VRN_15,OUTPUT,SSTL18_II,15,,,,,,LOCATED,YES,NONE,
R29,ddr2_a<11>,IOB,IO_L12N_VRP_15,OUTPUT,SSTL18_II,15,,,,,,LOCATED,YES,NONE,
R30,,,VCCO_11,,,11,,,,,any******,,,,
R31,,IOBS,IO_L13N_15,UNUSED,,15,,,,,,,,,
R32,,IOBS,IO_L17N_SM11N_11,UNUSED,,11,,,,,,,,,
R33,,IOBM,IO_L17P_SM11P_11,UNUSED,,11,,,,,,,,,
R34,,IOBS,IO_L16N_SM12N_11,UNUSED,,11,,,,,,,,,
T1,,IPAD,MGTRXP1_112,UNUSED,,,,,,,,,,,
T2,,OPAD,MGTTXN1_112,UNUSED,,,,,,,,,,,
T3,,,MGTAVCCPLL_112,,,,,,,,,,,,
T4,,,GND,,,,,,,,,,,,
T5,,,GND,,,,,,,,,,,,
T6,,IOBS,IO_L7N_12,UNUSED,,12,,,,,,,,,
T7,,,VCCO_12,,,12,,,,,any******,,,,
T8,,IOBM,IO_L10P_CC_12,UNUSED,,12,,,,,,,,,
T9,,IOBM,IO_L18P_12,UNUSED,,12,,,,,,,,,
T10,,IOBM,IO_L16P_12,UNUSED,,12,,,,,,,,,
T11,,IOBS,IO_L16N_12,UNUSED,,12,,,,,,,,,
T12,,,GND,,,,,,,,,,,,
T13,,,VCCINT,,,,,,,,1.0,,,,
T14,,,GND,,,,,,,,,,,,
T15,,,VCCINT,,,,,,,,1.0,,,,
T16,,,GND,,,,,,,,,,,,
T17,,,AVSS_0,,,,,,,,,,,,
T18,,,AVDD_0,,,,,,,,,,,,
T19,,,VCCINT,,,,,,,,1.0,,,,
T20,,,GND,,,,,,,,,,,,
T21,,,VCCINT,,,,,,,,1.0,,,,
T22,,,GND,,,,,,,,,,,,
T23,,,VCCAUX,,,,,,,,2.5,,,,
T24,ddr2_dq<44>,IOB,IO_L19N_19,BIDIR,SSTL18_II_DCI,19,,,,NONE,,LOCATED,YES,SPLIT,
T25,,IOBS,IO_L19N_15,UNUSED,,15,,,,,,,,,
T26,,IOBS,IO_L18N_15,UNUSED,,15,,,,,,,,,
T27,,,VCCO_11,,,11,,,,,any******,,,,
T28,ddr2_cke<0>,IOB,IO_L15P_15,OUTPUT,SSTL18_II,15,,,,,,LOCATED,YES,NONE,
T29,sda_tri,IOB,IO_L15N_15,TRISTATE,LVCMOS18,15,6,SLOW,,,,LOCATED,NO,NONE,
T30,,IOBS,IO_L14N_VREF_15,UNUSED,,15,,,,,,,,,
T31,ddr2_a<12>,IOB,IO_L13P_15,OUTPUT,SSTL18_II,15,,,,,,LOCATED,YES,NONE,
T32,,,GND,,,,,,,,,,,,
T33,,IOBM,IO_L16P_SM12P_11,UNUSED,,11,,,,,,,,,
T34,,IOBS,IO_L18N_SM10N_11,UNUSED,,11,,,,,,,,,
U2,,OPAD,MGTTXP1_112,UNUSED,,,,,,,,,,,
U3,,,MGTAVTTTX_112,,,,,,,,,,,,
U4,,,NC,,,,,,,,,,,,
U5,,,NC,,,,,,,,,,,,
U6,,,GND,,,,,,,,,,,,
U7,,IOBS,IO_L10N_CC_12,UNUSED,,12,,,,,,,,,
U8,,IOBS,IO_L17N_18,UNUSED,,18,,,,,,,,,
U9,,,GND,,,,,,,,,,,,
U10,,IOBS,IO_L18N_12,UNUSED,,12,,,,,,,,,
U11,,,GND,,,,,,,,,,,,
U12,,,VCCINT,,,,,,,,1.0,,,,
U13,,,GND,,,,,,,,,,,,
U14,,,VCCINT,,,,,,,,1.0,,,,
U15,,,GND,,,,,,,,,,,,
U16,,,VCCINT,,,,,,,,1.0,,,,
U17,,,VREFN_0,,,,,,,,,,,,
U18,,IPAD,VP_0,UNUSED,,0,,,,,,,,,
U19,,,GND,,,,,,,,,,,,
U20,,,VCCINT,,,,,,,,1.0,,,,
U21,,,GND,,,,,,,,,,,,
U22,,,VCCINT,,,,,,,,1.0,,,,
U23,,,GND,,,,,,,,,,,,
U24,,,VCCAUX,,,,,,,,2.5,,,,
U25,,IOBM,IO_L19P_15,UNUSED,,15,,,,,,,,,
U26,,IOBM,IO_L18P_15,UNUSED,,15,,,,,,,,,
U27,scl_tri,IOB,IO_L16P_15,TRISTATE,LVCMOS18,15,6,SLOW,,,,LOCATED,NO,NONE,
U28,,IOBS,IO_L16N_15,UNUSED,,15,,,,,,,,,
U29,,,GND,,,,,,,,,,,,
U30,,IOBM,IO_L14P_15,UNUSED,,15,,,,,,,,,
U31,,IOBS,IO_L19N_SM9N_11,UNUSED,,11,,,,,,,,,
U32,,IOBM,IO_L19P_SM9P_11,UNUSED,,11,,,,,,,,,
U33,,IOBM,IO_L18P_SM10P_11,UNUSED,,11,,,,,,,,,
U34,,,GND,,,,,,,,,,,,
V2,,OPAD,MGTTXP0_114,UNUSED,,,,,,,,,,,
V3,,,MGTAVTTTX_114,,,,,,,,,,,,
V4,,,MGTRREF_112,,,,,,,,,,,,
V5,,,MGTAVTTRXC,,,,,,,,,,,,
V6,,,GND,,,,,,,,,,,,
V7,,IOBS,IO_L11N_CC_18,UNUSED,,18,,,,,,,,,
V8,,IOBM,IO_L17P_18,UNUSED,,18,,,,,,,,,
V9,,IOBS,IO_L19N_18,UNUSED,,18,,,,,,,,,
V10,,IOBM,IO_L19P_18,UNUSED,,18,,,,,,,,,
V11,,,VCCAUX,,,,,,,,2.5,,,,
V12,,,GND,,,,,,,,,,,,
V13,,,VCCINT,,,,,,,,1.0,,,,
V14,,,GND,,,,,,,,,,,,
V15,,,VCCINT,,,,,,,,1.0,,,,
V16,,,GND,,,,,,,,,,,,
V17,,IPAD,VN_0,UNUSED,,0,,,,,,,,,
V18,,,VREFP_0,,,,,,,,,,,,
V19,,,VCCINT,,,,,,,,1.0,,,,
V20,,,GND,,,,,,,,,,,,
V21,,,VCCINT,,,,,,,,1.0,,,,
V22,,,GND,,,,,,,,,,,,
V23,,,VCCAUX,,,,,,,,2.5,,,,
V24,ddr2_dq<39>,IOB,IO_L0N_17,BIDIR,SSTL18_II_DCI,17,,,,NONE,,LOCATED,YES,SPLIT,
V25,ddr2_dm<4>,IOB,IO_L2P_17,OUTPUT,SSTL18_II,17,,,,,,LOCATED,YES,NONE,
V26,,,GND,,,,,,,,,,,,
V27,ddr2_dq<30>,IOB,IO_L5N_17,BIDIR,SSTL18_II_DCI,17,,,,NONE,,LOCATED,YES,SPLIT,
V28,ddr2_dq<36>,IOB,IO_L5P_17,BIDIR,SSTL18_II_DCI,17,,,,NONE,,LOCATED,YES,SPLIT,
V29,ddr2_dq<32>,IOB,IO_L7N_17,BIDIR,SSTL18_II_DCI,17,,,,NONE,,LOCATED,YES,SPLIT,
V30,ddr2_dq<27>,IOB,IO_L4P_17,BIDIR,SSTL18_II_DCI,17,,,,NONE,,LOCATED,YES,SPLIT,
V31,,,VCCO_11,,,11,,,,,any******,,,,
V32,,IOBM,IO_L0P_SM8P_13,UNUSED,,13,,,,,,,,,
V33,,IOBS,IO_L0N_SM8N_13,UNUSED,,13,,,,,,,,,
V34,,IOBS,IO_L1N_SM7N_13,UNUSED,,13,,,,,,,,,
W1,,IPAD,MGTRXP0_114,UNUSED,,,,,,,,,,,
W2,,OPAD,MGTTXN0_114,UNUSED,,,,,,,,,,,
W3,,,MGTAVTTRX_114,,,,,,,,,,,,
W4,,,GND,,,,,,,,,,,,
W5,,,GND,,,,,,,,,,,,
W6,,IOBM,IO_L8P_CC_18,UNUSED,,18,,,,,,,,,
W7,,IOBM,IO_L11P_CC_18,UNUSED,,18,,,,,,,,,
W8,,,VCCO_18,,,18,,,,,3.30,,,,
W9,,IOBS,IO_L15N_18,UNUSED,,18,,,,,,,,,
W10,,IOBM,IO_L15P_18,UNUSED,,18,,,,,,,,,
W11,,IOBS,IO_L13N_18,UNUSED,,18,,,,,,,,,
W12,,,VCCINT,,,,,,,,1.0,,,,
W13,,,GND,,,,,,,,,,,,
W14,,,VCCINT,,,,,,,,1.0,,,,
W15,,,GND,,,,,,,,,,,,
W16,,,VCCINT,,,,,,,,1.0,,,,
W17,,,DXN_0,,,,,,,,,,,,
W18,,,DXP_0,,,,,,,,,,,,
W19,,,GND,,,,,,,,,,,,
W20,,,VCCINT,,,,,,,,1.0,,,,
W21,,,GND,,,,,,,,,,,,
W22,,,VCCINT,,,,,,,,1.0,,,,
W23,,,GND,,,,,,,,,,,,
W24,ddr2_dq<35>,IOB,IO_L0P_17,BIDIR,SSTL18_II_DCI,17,,,,NONE,,LOCATED,YES,SPLIT,
W25,ddr2_dq<37>,IOB,IO_L2N_17,BIDIR,SSTL18_II_DCI,17,,,,NONE,,LOCATED,YES,SPLIT,
W26,ddr2_dq<38>,IOB,IO_L1N_17,BIDIR,SSTL18_II_DCI,17,,,,NONE,,LOCATED,YES,SPLIT,
W27,ddr2_dq<31>,IOB,IO_L3N_17,BIDIR,SSTL18_II_DCI,17,,,,NONE,,LOCATED,YES,SPLIT,
W28,,,VCCO_13,,,13,,,,,any******,,,,
W29,ddr2_dq<29>,IOB,IO_L7P_17,BIDIR,SSTL18_II_DCI,17,,,,NONE,,LOCATED,YES,SPLIT,
W30,,IOBS,IO_L4N_VREF_17, ,,17,,,,,0.90,,,,
W31,ddr2_dq<26>,IOB,IO_L6P_17,BIDIR,SSTL18_II_DCI,17,,,,NONE,,LOCATED,YES,SPLIT,
W32,,IOBS,IO_L4N_VREF_13,UNUSED,,13,,,,,,,,,
W33,,,GND,,,,,,,,,,,,
W34,,IOBM,IO_L1P_SM7P_13,UNUSED,,13,,,,,,,,,
Y1,,IPAD,MGTRXN0_114,UNUSED,,,,,,,,,,,
Y2,,,GND,,,,,,,,,,,,
Y3,,IPAD,MGTREFCLKN_114,UNUSED,,,,,,,,,,,
Y4,,IPAD,MGTREFCLKP_114,UNUSED,,,,,,,,,,,
Y5,,,GND,,,,,,,,,,,,
Y6,,IOBS,IO_L8N_CC_18,UNUSED,,18,,,,,,,,,
Y7,,IOBS,IO_L6N_18,UNUSED,,18,,,,,,,,,
Y8,,IOBM,IO_L4P_18,UNUSED,,18,,,,,,,,,
Y9,,IOBS,IO_L4N_VREF_18,UNUSED,,18,,,,,,,,,
Y10,,,GND,,,,,,,,,,,,
Y11,,IOBM,IO_L13P_18,UNUSED,,18,,,,,,,,,
Y12,,,GND,,,,,,,,,,,,
Y13,,,VCCINT,,,,,,,,1.0,,,,
Y14,,,GND,,,,,,,,,,,,
Y15,,,VCCINT,,,,,,,,1.0,,,,
Y16,,,GND,,,,,,,,,,,,
Y17,,,VCCINT,,,,,,,,1.0,,,,
Y18,,,GND,,,,,,,,,,,,
Y19,,,VCCINT,,,,,,,,1.0,,,,
Y20,,,GND,,,,,,,,,,,,
Y21,,,VCCINT,,,,,,,,1.0,,,,
Y22,,,GND,,,,,,,,,,,,
Y23,,,VCCAUX,,,,,,,,2.5,,,,
Y24,ddr2_dm<2>,IOB,IO_L2P_21,OUTPUT,SSTL18_II,21,,,,,,LOCATED,YES,NONE,
Y25,,,GND,,,,,,,,,,,,
Y26,ddr2_dq<34>,IOB,IO_L1P_17,BIDIR,SSTL18_II_DCI,17,,,,NONE,,LOCATED,YES,SPLIT,
Y27,ddr2_dq<33>,IOB,IO_L3P_17,BIDIR,SSTL18_II_DCI,17,,,,NONE,,LOCATED,YES,SPLIT,
Y28,ddr2_dqs<4>,IOB,IO_L8P_CC_17,BIDIR,DIFF_SSTL18_II_DCI,17,,,,NONE,,LOCATED,YES,SPLIT,
Y29,ddr2_dqs_n<4>,IOB,IO_L8N_CC_17,BIDIR,DIFF_SSTL18_II_DCI,17,,,,NONE,,LOCATED,YES,SPLIT,
Y30,,,GND,,,,,,,,,,,,
Y31,ddr2_dm<3>,IOB,IO_L6N_17,OUTPUT,SSTL18_II,17,,,,,,LOCATED,YES,NONE,
Y32,,IOBM,IO_L4P_13,UNUSED,,13,,,,,,,,,
Y33,,IOBM,IO_L2P_SM6P_13,UNUSED,,13,,,,,,,,,
Y34,,IOBS,IO_L3N_SM5N_13,UNUSED,,13,,,,,,,,,

# -----,-----,-----,-----,-----,-----,-----,-----,-----,-----,-----,-----,-----,-----,-----,
# 
#* Default value.
#** This default Pullup/Pulldown value can be overridden in Bitgen. 
#All RSVD_0 pins must be tied to GROUND.
#****** Special VCCO requirements may apply. Please consult the device 
#       family datasheet for specific guideline on VCCO requirements. 
#
#
#